"Data;Ora;Valore;Tipo;ID staz"
"1992-01-01;1:40;0;min;00251"
"1992-01-01;7:00;41;max;00251"
"1992-01-01;15:05;-52;min;00251"
"1992-01-01;22:00;22;max;00251"
"1992-01-02;2:35;-4;min;00251"
"1992-01-02;8:15;41;max;00251"
"1992-01-02;15:35;-56;min;00251"
"1992-01-02;22:40;23;max;00251"
"1992-01-03;3:20;-8;min;00251"
"1992-01-03;8:55;33;max;00251"
"1992-01-03;16:15;-65;min;00251"
"1992-01-03;23:15;27;max;00251"
"1992-01-04;4:15;-10;min;00251"
"1992-01-04;9:25;41;max;00251"
"1992-01-04;16:35;-61;min;00251"
"1992-01-04;23:35;31;max;00251"
"1992-01-05;4:50;-15;min;00251"
"1992-01-05;10:10;38;max;00251"
"1992-01-05;16:55;-69;min;00251"
"1992-01-05;23:45;23;max;00251"
"1992-01-06;5:05;-20;min;00251"
"1992-01-06;10:50;30;max;00251"
"1992-01-06;17:30;-74;min;00251"
"1992-01-07;0:25;20;max;00251"
"1992-01-07;5:40;-26;min;00251"
"1992-01-07;11:15;30;max;00251"
"1992-01-07;17:40;-65;min;00251"
"1992-01-08;0:55;27;max;00251"
"1992-01-08;6:10;-15;min;00251"
"1992-01-08;11:40;30;max;00251"
"1992-01-08;18:10;-56;min;00251"
"1992-01-09;1:10;31;max;00251"
"1992-01-09;7:00;-13;min;00251"
"1992-01-09;12:15;30;max;00251"
"1992-01-09;18:30;-44;min;00251"
"1992-01-10;2:20;47;max;00251"
"1992-01-10;7:40;-1;min;00251"
"1992-01-10;12:35;43;max;00251"
"1992-01-10;18:50;-33;min;00251"
"1992-01-11;1:50;36;max;00251"
"1992-01-11;8:20;-8;min;00251"
"1992-01-11;13:15;19;max;00251"
"1992-01-11;19:10;-29;min;00251"
"1992-01-12;3:20;28;max;00251"
"1992-01-12;9:40;-10;min;00251"
"1992-01-12;14:00;4;max;00251"
"1992-01-12;19:30;-26;min;00251"
"1992-01-13;4:00;30;max;00251"
"1992-01-13;11:30;-23;min;00251"
"1992-01-13;16:00;-9;max;00251"
"1992-01-13;20:25;-21;min;00251"
"1992-01-14;4:30;31;max;00251"
"1992-01-14;13:50;-29;min;00251"
"1992-01-15;5:55;31;max;00251"
"1992-01-15;13:40;-44;min;00251"
"1992-01-15;21:10;14;max;00251"
"1992-01-16;1:00;3;min;00251"
"1992-01-16;7:15;41;max;00251"
"1992-01-16;14:50;-48;min;00251"
"1992-01-16;21:25;33;max;00251"
"1992-01-17;1:45;11;min;00251"
"1992-01-17;7:45;52;max;00251"
"1992-01-17;15:40;-58;min;00251"
"1992-01-17;22:10;35;max;00251"
"1992-01-18;3:10;0;min;00251"
"1992-01-18;9:00;53;max;00251"
"1992-01-18;16:20;-70;min;00251"
"1992-01-18;22:50;39;max;00251"
"1992-01-19;3:55;-8;min;00251"
"1992-01-19;9:35;51;max;00251"
"1992-01-19;16:35;-68;min;00251"
"1992-01-19;23:40;51;max;00251"
"1992-01-20;4:55;-4;min;00251"
"1992-01-20;10:30;57;max;00251"
"1992-01-20;17:25;-60;min;00251"
"1992-01-21;0:35;71;max;00251"
"1992-01-21;6:05;14;min;00251"
"1992-01-21;11:40;63;max;00251"
"1992-01-21;17:45;-36;min;00251"
"1992-01-22;0:55;65;max;00251"
"1992-01-22;6:25;0;min;00251"
"1992-01-22;11:45;59;max;00251"
"1992-01-22;18:35;-33;min;00251"
"1992-01-23;1:20;60;max;00251"
"1992-01-23;6:50;-7;min;00251"
"1992-01-23;12:55;43;max;00251"
"1992-01-23;19:30;-33;min;00251"
"1992-01-24;1:45;52;max;00251"
"1992-01-24;7:50;-16;min;00251"
"1992-01-24;13:25;33;max;00251"
"1992-01-24;19:15;-33;min;00251"
"1992-01-25;2:10;43;max;00251"
"1992-01-25;8:25;-13;min;00251"
"1992-01-25;13:10;17;max;00251"
"1992-01-25;19:00;-25;min;00251"
"1992-01-26;3:00;39;max;00251"
"1992-01-26;9:15;-8;min;00251"
"1992-01-26;12:50;-1;max;00251"
"1992-01-26;17:45;-12;min;00251"
"1992-01-27;3:50;41;max;00251"
"1992-01-27;13:55;-10;min;00251"
"1992-01-28;5:35;26;max;00251"
"1992-01-28;14:00;-29;min;00251"
"1992-01-28;21:25;11;max;00251"
"1992-01-29;0:50;4;min;00251"
"1992-01-29;6:10;18;max;00251"
"1992-01-29;14:40;-50;min;00251"
"1992-01-29;22:15;14;max;00251"
"1992-01-30;2:10;6;min;00251"
"1992-01-30;7:30;23;max;00251"
"1992-01-30;15:10;-60;min;00251"
"1992-01-30;22:15;28;max;00251"
"1992-01-31;3:15;-9;min;00251"
"1992-01-31;8:05;23;max;00251"
"1992-01-31;15:15;-63;min;00251"
"1992-01-31;22:25;27;max;00251"
"1992-02-01;3:30;-13;min;00251"
"1992-02-01;8:45;31;max;00251"
"1992-02-01;15:40;-64;min;00251"
"1992-02-01;22:50;35;max;00251"
"1992-02-02;4:20;-16;min;00251"
"1992-02-02;9:15;28;max;00251"
"1992-02-02;16:05;-71;min;00251"
"1992-02-02;23:05;30;max;00251"
"1992-02-03;4:30;-23;min;00251"
"1992-02-03;9:50;30;max;00251"
"1992-02-03;16:20;-65;min;00251"
"1992-02-03;23:35;39;max;00251"
"1992-02-04;5:15;-20;min;00251"
"1992-02-04;10:25;31;max;00251"
"1992-02-04;16:50;-57;min;00251"
"1992-02-04;0:00;47;max;00251"
"1992-02-05;5:55;-20;min;00251"
"1992-02-05;10:45;33;max;00251"
"1992-02-05;17:31;-63;min;00251"
"1992-02-06;0:25;48;max;00251"
"1992-02-06;6:15;-25;min;00251"
"1992-02-06;11:20;27;max;00251"
"1992-02-06;17:25;-56;min;00251"
"1992-02-07;0:30;41;max;00251"
"1992-02-07;6:50;-32;min;00251"
"1992-02-07;12:00;19;max;00251"
"1992-02-07;17:55;-48;min;00251"
"1992-02-08;0:40;35;max;00251"
"1992-02-08;7:00;-40;min;00251"
"1992-02-08;12:45;15;max;00251"
"1992-02-08;18:20;-40;min;00251"
"1992-02-09;1:15;31;max;00251"
"1992-02-09;7:30;-33;min;00251"
"1992-02-09;12:55;20;max;00251"
"1992-02-09;18:40;-33;min;00251"
"1992-02-10;1:35;32;max;00251"
"1992-02-10;7:35;-20;min;00251"
"1992-02-10;13:35;16;max;00251"
"1992-02-10;18:40;-16;min;00251"
"1992-02-11;1:00;27;max;00251"
"1992-02-11;9:40;-28;min;00251"
"1992-02-12;3:00;27;max;00251"
"1992-02-12;11:50;-28;min;00251"
"1992-02-12;20:40;9;max;00251"
"1992-02-12;21:50;8;min;00251"
"1992-02-13;5:25;25;max;00251"
"1992-02-13;13:10;-33;min;00251"
"1992-02-13;21:40;31;max;00251"
"1992-02-14;0:50;27;min;00251"
"1992-02-14;7:15;52;max;00251"
"1992-02-14;14:55;-29;min;00251"
"1992-02-14;21:20;36;max;00251"
"1992-02-15;2:30;4;min;00251"
"1992-02-15;7:40;41;max;00251"
"1992-02-15;15:15;-56;min;00251"
"1992-02-15;22:15;43;max;00251"
"1992-02-16;3:15;-1;min;00251"
"1992-02-16;8:50;52;max;00251"
"1992-02-16;15:55;-49;min;00251"
"1992-02-16;22:30;62;max;00251"
"1992-02-17;4:00;-1;min;00251"
"1992-02-17;9:30;54;max;00251"
"1992-02-17;16:30;-65;min;00251"
"1992-02-17;23:00;52;max;00251"
"1992-02-18;4:55;-26;min;00251"
"1992-02-18;10:05;55;max;00251"
"1992-02-18;17:00;-56;min;00251"
"1992-02-18;23:20;47;max;00251"
"1992-02-19;5:20;-37;min;00251"
"1992-02-19;11:00;39;max;00251"
"1992-02-19;17:30;-63;min;00251"
"1992-02-19;23:55;39;max;00251"
"1992-02-20;6:00;-34;min;00251"
"1992-02-20;11:45;35;max;00251"
"1992-02-20;17:45;-64;min;00251"
"1992-02-21;0:40;39;max;00251"
"1992-02-21;6:50;-33;min;00251"
"1992-02-21;12:10;19;max;00251"
"1992-02-21;18:05;-56;min;00251"
"1992-02-22;1:00;33;max;00251"
"1992-02-22;6:55;-47;min;00251"
"1992-02-22;12:40;8;max;00251"
"1992-02-22;18:05;-44;min;00251"
"1992-02-23;1:00;36;max;00251"
"1992-02-23;7:55;-33;min;00251"
"1992-02-23;12:35;-4;max;00251"
"1992-02-23;17:50;-33;min;00251"
"1992-02-24;1:20;27;max;00251"
"1992-02-24;9:00;-39;min;00251"
"1992-02-24;14:30;-28;max;00251"
"1992-02-24;17:25;-31;min;00251"
"1992-02-25;2:25;27;max;00251"
"1992-02-25;10:55;-32;min;00251"
"1992-02-26;1:30;23;max;00251"
"1992-02-26;12:20;-36;min;00251"
"1992-02-26;21:30;20;max;00251"
"1992-02-27;13:45;-42;min;00251"
"1992-02-27;21:10;20;max;00251"
"1992-02-28;3:00;-16;min;00251"
"1992-02-28;7:15;-2;max;00251"
"1992-02-28;14:20;-50;min;00251"
"1992-02-28;21:15;11;max;00251"
"1992-02-29;3:15;-34;min;00251"
"1992-02-29;7:55;0;max;00251"
"1992-02-29;14:50;-61;min;00251"
"1992-02-29;21:55;15;max;00251"
"1992-03-01;3:05;-36;min;00251"
"1992-03-01;8:45;16;max;00251"
"1992-03-01;15:15;-65;min;00251"
"1992-03-01;22:00;20;max;00251"
"1992-03-02;3:35;-33;min;00251"
"1992-03-02;9:10;20;max;00251"
"1992-03-02;15:30;-69;min;00251"
"1992-03-02;22:25;23;max;00251"
"1992-03-03;4:10;-37;min;00251"
"1992-03-03;9:35;17;max;00251"
"1992-03-03;15:45;-76;min;00251"
"1992-03-03;23:00;22;max;00251"
"1992-03-04;4:50;-48;min;00251"
"1992-03-04;10:05;10;max;00251"
"1992-03-04;16:15;-80;min;00251"
"1992-03-04;23:20;24;max;00251"
"1992-03-05;5:20;-61;min;00251"
"1992-03-05;11:00;8;max;00251"
"1992-03-05;16:40;-76;min;00251"
"1992-03-05;23:25;27;max;00251"
"1992-03-06;5:30;-63;min;00251"
"1992-03-06;11:25;15;max;00251"
"1992-03-06;17:15;-59;min;00251"
"1992-03-06;23:40;30;max;00251"
"1992-03-07;5:55;-58;min;00251"
"1992-03-07;11:40;15;max;00251"
"1992-03-07;17:25;-48;min;00251"
"1992-03-07;23:50;27;max;00251"
"1992-03-08;6:20;-50;min;00251"
"1992-03-08;12:40;25;max;00251"
"1992-03-08;18:05;-33;min;00251"
"1992-03-09;0:15;16;max;00251"
"1992-03-09;6:45;-42;min;00251"
"1992-03-09;13:05;11;max;00251"
"1992-03-09;18:50;-37;min;00251"
"1992-03-10;1:10;12;max;00251"
"1992-03-10;7:40;-40;min;00251"
"1992-03-10;13:45;-1;max;00251"
"1992-03-10;18:50;-37;min;00251"
"1992-03-11;1:40;20;max;00251"
"1992-03-11;8:55;-36;min;00251"
"1992-03-11;14:35;-13;max;00251"
"1992-03-11;17:20;-20;min;00251"
"1992-03-12;1:20;15;max;00251"
"1992-03-12;11:30;-48;min;00251"
"1992-03-13;3:10;16;max;00251"
"1992-03-13;12:35;-40;min;00251"
"1992-03-13;21:35;38;max;00251"
"1992-03-14;3:25;11;min;00251"
"1992-03-14;6:55;22;max;00251"
"1992-03-14;13:20;-37;min;00251"
"1992-03-14;21:05;59;max;00251"
"1992-03-15;3:20;-10;min;00251"
"1992-03-15;8:15;27;max;00251"
"1992-03-15;14:35;-34;min;00251"
"1992-03-15;21:10;63;max;00251"
"1992-03-16;3:45;-24;min;00251"
"1992-03-16;9:25;31;max;00251"
"1992-03-16;15:20;-36;min;00251"
"1992-03-16;21:35;48;max;00251"
"1992-03-17;3:55;-40;min;00251"
"1992-03-17;10:10;33;max;00251"
"1992-03-17;16:05;-58;min;00251"
"1992-03-17;22:15;38;max;00251"
"1992-03-18;4:10;-52;min;00251"
"1992-03-18;10:20;36;max;00251"
"1992-03-18;16:15;-58;min;00251"
"1992-03-18;22:50;48;max;00251"
"1992-03-19;4:55;-39;min;00251"
"1992-03-19;10:40;31;max;00251"
"1992-03-19;16:40;-56;min;00251"
"1992-03-19;23:25;51;max;00251"
"1992-03-20;5:40;-40;min;00251"
"1992-03-20;11:10;30;max;00251"
"1992-03-20;17:00;-45;min;00251"
"1992-03-20;23:40;55;max;00251"
"1992-03-21;6:10;-34;min;00251"
"1992-03-21;11:50;22;max;00251"
"1992-03-21;17:20;-25;min;00251"
"1992-03-21;23:50;62;max;00251"
"1992-03-22;7:10;-36;min;00251"
"1992-03-22;13:00;28;max;00251"
"1992-03-22;17:55;-5;min;00251"
"1992-03-23;0:15;60;max;00251"
"1992-03-23;7:30;-25;min;00251"
"1992-03-23;14:30;31;max;00251"
"1992-03-23;18:10;22;min;00251"
"1992-03-24;0:30;84;max;00251"
"1992-03-24;8:15;-4;min;00251"
"1992-03-24;15:10;43;max;00251"
"1992-03-24;17:05;39;min;00251"
"1992-03-24;23:55;55;max;00251"
"1992-03-25;7:50;-8;min;00251"
"1992-03-25;16:50;43;max;00251"
"1992-03-26;8:45;3;min;00251"
"1992-03-26;19:55;80;max;00251"
"1992-03-27;8:00;-8;min;00251"
"1992-03-27;18:00;66;max;00251"
"1992-03-28;3:10;-5;min;00251"
"1992-03-28;10:00;43;max;00251"
"1992-03-28;12:40;36;min;00251"
"1992-03-28;17:40;55;max;00251"
"1992-03-29;2:15;-4;min;00251"
"1992-03-29;9:10;63;max;00251"
"1992-03-29;15:15;6;min;00251"
"1992-03-29;21:00;55;max;00251"
"1992-03-30;2:20;6;min;00251"
"1992-03-30;8:30;76;max;00251"
"1992-03-30;15:20;-5;min;00251"
"1992-03-30;21:45;64;max;00251"
"1992-03-31;3:00;20;min;00251"
"1992-03-31;8:40;67;max;00251"
"1992-03-31;14:45;11;min;00251"
"1992-03-31;22:40;122;max;00251"
"1992-04-01;5:30;54;min;00251"
"1992-04-01;9:15;84;max;00251"
"1992-04-01;15:20;-6;min;00251"
"1992-04-01;22:40;103;max;00251"
"1992-04-02;5:00;16;min;00251"
"1992-04-02;9:45;48;max;00251"
"1992-04-02;15:25;-5;min;00251"
"1992-04-02;23:40;110;max;00251"
"1992-04-03;5:35;-12;min;00251"
"1992-04-03;11:10;52;max;00251"
"1992-04-03;15:45;16;min;00251"
"1992-04-03;22:35;100;max;00251"
"1992-04-04;5:45;-21;min;00251"
"1992-04-04;12:00;68;max;00251"
"1992-04-04;16:25;35;min;00251"
"1992-04-04;22:45;105;max;00251"
"1992-04-05;5:35;-5;min;00251"
"1992-04-05;12:40;102;max;00251"
"1992-04-05;18:15;57;min;00251"
"1992-04-05;22:15;87;max;00251"
"1992-04-06;6:00;-18;min;00251"
"1992-04-06;13:00;79;max;00251"
"1992-04-06;18:50;27;min;00251"
"1992-04-06;0:00;63;max;00251"
"1992-04-07;6:35;-8;min;00251"
"1992-04-07;13:25;70;max;00251"
"1992-04-07;19:05;20;min;00251"
"1992-04-08;0:35;68;max;00251"
"1992-04-08;7:20;8;min;00251"
"1992-04-08;13:55;55;max;00251"
"1992-04-08;19:05;24;min;00251"
"1992-04-09;1:00;68;max;00251"
"1992-04-09;9:05;8;min;00251"
"1992-04-10;0:50;59;max;00251"
"1992-04-10;11:45;16;min;00251"
"1992-04-10;18:55;62;max;00251"
"1992-04-11;0:40;41;min;00251"
"1992-04-11;1:15;43;max;00251"
"1992-04-11;11:40;-7;min;00251"
"1992-04-11;20:05;63;max;00251"
"1992-04-12;2:05;17;min;00251"
"1992-04-12;6:35;38;max;00251"
"1992-04-12;13:15;-12;min;00251"
"1992-04-12;20:10;67;max;00251"
"1992-04-13;2:50;4;min;00251"
"1992-04-13;8:25;44;max;00251"
"1992-04-13;14:00;-16;min;00251"
"1992-04-13;20:35;75;max;00251"
"1992-04-14;3:15;-8;min;00251"
"1992-04-14;8:35;48;max;00251"
"1992-04-14;14:20;-16;min;00251"
"1992-04-14;21:05;75;max;00251"
"1992-04-15;3:45;-21;min;00251"
"1992-04-15;9:50;51;max;00251"
"1992-04-15;14:45;1;min;00251"
"1992-04-15;21:40;95;max;00251"
"1992-04-16;4:40;-21;min;00251"
"1992-04-16;10:30;48;max;00251"
"1992-04-16;15:10;0;min;00251"
"1992-04-16;20:55;83;max;00251"
"1992-04-17;5:00;-50;min;00251"
"1992-04-17;11:40;43;max;00251"
"1992-04-17;16:30;15;min;00251"
"1992-04-17;22:10;76;max;00251"
"1992-04-18;5:20;-45;min;00251"
"1992-04-18;12:20;50;max;00251"
"1992-04-18;17:20;0;min;00251"
"1992-04-18;22:30;55;max;00251"
"1992-04-19;5:35;-55;min;00251"
"1992-04-19;12:25;35;max;00251"
"1992-04-19;17:35;0;min;00251"
"1992-04-19;23:55;52;max;00251"
"1992-04-20;6:30;-33;min;00251"
"1992-04-20;13:00;43;max;00251"
"1992-04-20;18:15;-1;min;00251"
"1992-04-20;23:55;54;max;00251"
"1992-04-21;6:40;-28;min;00251"
"1992-04-21;13:25;30;max;00251"
"1992-04-21;18:05;8;min;00251"
"1992-04-21;0:00;46;max;00251"
"1992-04-22;7:15;-23;min;00251"
"1992-04-22;15:20;31;max;00251"
"1992-04-22;18:35;25;min;00251"
"1992-04-22;0:00;43;max;00251"
"1992-04-23;7:40;-12;min;00251"
"1992-04-23;18:10;39;max;00251"
"1992-04-24;9:10;-16;min;00251"
"1992-04-24;19:10;38;max;00251"
"1992-04-25;10:50;-16;min;00251"
"1992-04-25;19:10;39;max;00251"
"1992-04-26;1:55;-1;min;00251"
"1992-04-26;6:00;11;max;00251"
"1992-04-26;11:35;-16;min;00251"
"1992-04-26;19:45;43;max;00251"
"1992-04-27;2:30;-10;min;00251"
"1992-04-27;7:35;17;max;00251"
"1992-04-27;12:55;-13;min;00251"
"1992-04-27;20:05;52;max;00251"
"1992-04-28;2:35;-17;min;00251"
"1992-04-28;8:00;22;max;00251"
"1992-04-28;13:15;-16;min;00251"
"1992-04-28;20:35;55;max;00251"
"1992-04-29;3:20;-16;min;00251"
"1992-04-29;9:10;32;max;00251"
"1992-04-29;14:05;-7;min;00251"
"1992-04-29;20:55;62;max;00251"
"1992-04-30;4:10;-37;min;00251"
"1992-04-30;10:20;41;max;00251"
"1992-04-30;15:15;-4;min;00251"
"1992-04-30;21:35;79;max;00251"
"1992-05-01;4:25;-44;min;00251"
"1992-05-01;10:20;43;max;00251"
"1992-05-01;15:20;-8;min;00251"
"1992-05-01;21:20;68;max;00251"
"1992-05-02;4:35;-52;min;00251"
"1992-05-02;10:50;43;max;00251"
"1992-05-02;16:00;-2;min;00251"
"1992-05-02;21:40;55;max;00251"
"1992-05-03;5:00;-56;min;00251"
"1992-05-03;11:40;40;max;00251"
"1992-05-03;16:50;-12;min;00251"
"1992-05-03;22:35;51;max;00251"
"1992-05-04;5:25;-44;min;00251"
"1992-05-04;12:00;39;max;00251"
"1992-05-04;17:15;-8;min;00251"
"1992-05-04;23:25;55;max;00251"
"1992-05-05;6:20;-47;min;00251"
"1992-05-05;13:00;28;max;00251"
"1992-05-05;17:35;-5;min;00251"
"1992-05-05;23:40;51;max;00251"
"1992-05-06;6:55;-48;min;00251"
"1992-05-06;14:05;30;max;00251"
"1992-05-06;18:25;3;min;00251"
"1992-05-07;0:10;42;max;00251"
"1992-05-07;7:30;-44;min;00251"
"1992-05-07;15:10;25;max;00251"
"1992-05-07;19:40;11;min;00251"
"1992-05-08;0:30;30;max;00251"
"1992-05-08;8:45;-37;min;00251"
"1992-05-08;16:35;36;max;00251"
"1992-05-08;21:20;16;min;00251"
"1992-05-09;1:20;28;max;00251"
"1992-05-09;10:00;-23;min;00251"
"1992-05-09;17:50;46;max;00251"
"1992-05-10;0:35;16;min;00251"
"1992-05-10;3:50;20;max;00251"
"1992-05-10;11:00;-17;min;00251"
"1992-05-10;18:20;60;max;00251"
"1992-05-11;2:05;1;min;00251"
"1992-05-11;6:50;14;max;00251"
"1992-05-11;12:00;-12;min;00251"
"1992-05-11;19:10;68;max;00251"
"1992-05-12;2:50;-13;min;00251"
"1992-05-12;8:20;19;max;00251"
"1992-05-12;13:10;-19;min;00251"
"1992-05-12;19:50;54;max;00251"
"1992-05-13;2:50;-48;min;00251"
"1992-05-13;9:00;17;max;00251"
"1992-05-13;13:50;-16;min;00251"
"1992-05-13;20:00;48;max;00251"
"1992-05-14;3:10;-53;min;00251"
"1992-05-14;10:10;27;max;00251"
"1992-05-14;15:00;-15;min;00251"
"1992-05-14;20:45;43;max;00251"
"1992-05-15;3:40;-58;min;00251"
"1992-05-15;10:30;30;max;00251"
"1992-05-15;15:50;-16;min;00251"
"1992-05-15;21:20;43;max;00251"
"1992-05-16;4:15;-60;min;00251"
"1992-05-16;10:40;31;max;00251"
"1992-05-16;16:00;-22;min;00251"
"1992-05-16;22:00;48;max;00251"
"1992-05-17;4:45;-53;min;00251"
"1992-05-17;11:15;27;max;00251"
"1992-05-17;16:30;-12;min;00251"
"1992-05-17;23:30;52;max;00251"
"1992-05-18;5:15;-42;min;00251"
"1992-05-18;12:10;30;max;00251"
"1992-05-18;17:10;7;min;00251"
"1992-05-18;22:45;57;max;00251"
"1992-05-19;6:05;-52;min;00251"
"1992-05-19;13:00;35;max;00251"
"1992-05-19;18:30;12;min;00251"
"1992-05-19;23:10;47;max;00251"
"1992-05-20;6:30;-33;min;00251"
"1992-05-20;13:35;48;max;00251"
"1992-05-20;19:05;11;min;00251"
"1992-05-20;23:45;36;max;00251"
"1992-05-21;6:35;-37;min;00251"
"1992-05-21;14:30;36;max;00251"
"1992-05-21;19:55;9;min;00251"
"1992-05-22;0:05;23;max;00251"
"1992-05-22;6:55;-31;min;00251"
"1992-05-22;15:20;38;max;00251"
"1992-05-22;21:05;8;min;00251"
"1992-05-23;1:20;23;max;00251"
"1992-05-23;7:45;-27;min;00251"
"1992-05-23;16:00;38;max;00251"
"1992-05-23;22:20;4;min;00251"
"1992-05-24;1:45;11;max;00251"
"1992-05-24;8:10;-17;min;00251"
"1992-05-24;17:20;36;max;00251"
"1992-05-25;0:30;1;min;00251"
"1992-05-25;6:30;8;max;00251"
"1992-05-25;10:45;-12;min;00251"
"1992-05-25;17:05;39;max;00251"
"1992-05-26;1:35;-2;min;00251"
"1992-05-26;6:00;15;max;00251"
"1992-05-26;10:45;-8;min;00251"
"1992-05-26;19:25;47;max;00251"
"1992-05-27;2:20;-15;min;00251"
"1992-05-27;8:15;16;max;00251"
"1992-05-27;12:40;-2;min;00251"
"1992-05-27;19:35;57;max;00251"
"1992-05-28;2:45;-26;min;00251"
"1992-05-28;8:45;32;max;00251"
"1992-05-28;13:20;4;min;00251"
"1992-05-28;19:45;71;max;00251"
"1992-05-29;3:15;-33;min;00251"
"1992-05-29;9:20;41;max;00251"
"1992-05-29;13:40;11;min;00251"
"1992-05-29;20:10;79;max;00251"
"1992-05-30;3:50;-33;min;00251"
"1992-05-30;10:25;47;max;00251"
"1992-05-30;15:15;8;min;00251"
"1992-05-30;21:00;68;max;00251"
"1992-05-31;4:25;-42;min;00251"
"1992-05-31;10:50;52;max;00251"
"1992-05-31;15:45;12;min;00251"
"1992-05-31;21:25;70;max;00251"
"1992-06-01;4:50;-40;min;00251"
"1992-06-01;11:20;57;max;00251"
"1992-06-01;16:25;12;min;00251"
"1992-06-01;21:55;62;max;00251"
"1992-06-02;5:40;-45;min;00251"
"1992-06-02;11:35;60;max;00251"
"1992-06-02;17:20;22;min;00251"
"1992-06-02;22:55;76;max;00251"
"1992-06-03;6:00;-26;min;00251"
"1992-06-03;13:15;58;max;00251"
"1992-06-03;18:30;22;min;00251"
"1992-06-03;23:45;63;max;00251"
"1992-06-04;7:15;-39;min;00251"
"1992-06-04;14:05;55;max;00251"
"1992-06-04;19:25;17;min;00251"
"1992-06-05;0:20;55;max;00251"
"1992-06-05;7:25;-37;min;00251"
"1992-06-05;14:35;55;max;00251"
"1992-06-05;19:55;16;min;00251"
"1992-06-06;0:40;42;max;00251"
"1992-06-06;7:45;-29;min;00251"
"1992-06-06;15:20;55;max;00251"
"1992-06-06;21:35;15;min;00251"
"1992-06-07;1:45;22;max;00251"
"1992-06-07;9:10;-19;min;00251"
"1992-06-07;16:40;65;max;00251"
"1992-06-07;22:30;12;min;00251"
"1992-06-08;3:05;33;max;00251"
"1992-06-08;10:10;4;min;00251"
"1992-06-08;17:25;65;max;00251"
"1992-06-09;0:30;-1;min;00251"
"1992-06-09;6:00;22;max;00251"
"1992-06-09;11:35;3;min;00251"
"1992-06-09;18:15;73;max;00251"
"1992-06-10;1:50;-12;min;00251"
"1992-06-10;8:10;28;max;00251"
"1992-06-10;11:45;16;min;00251"
"1992-06-10;19:10;76;max;00251"
"1992-06-11;2:40;-19;min;00251"
"1992-06-11;9:40;39;max;00251"
"1992-06-11;13:10;27;min;00251"
"1992-06-11;19:35;79;max;00251"
"1992-06-12;3:30;-26;min;00251"
"1992-06-12;10:15;52;max;00251"
"1992-06-12;14:50;33;min;00251"
"1992-06-12;19:50;75;max;00251"
"1992-06-13;3:50;-36;min;00251"
"1992-06-13;10:30;57;max;00251"
"1992-06-13;15:25;27;min;00251"
"1992-06-13;20:55;66;max;00251"
"1992-06-14;4:15;-40;min;00251"
"1992-06-14;11:05;52;max;00251"
"1992-06-14;16:15;8;min;00251"
"1992-06-14;21:40;51;max;00251"
"1992-06-15;4:30;-40;min;00251"
"1992-06-15;11:15;41;max;00251"
"1992-06-15;16:40;-1;min;00251"
"1992-06-15;22:55;55;max;00251"
"1992-06-16;5:20;-37;min;00251"
"1992-06-16;12:00;45;max;00251"
"1992-06-16;16:55;8;min;00251"
"1992-06-16;22:40;67;max;00251"
"1992-06-17;6:00;-34;min;00251"
"1992-06-17;13:00;48;max;00251"
"1992-06-17;17:40;22;min;00251"
"1992-06-17;23:40;67;max;00251"
"1992-06-18;6:20;-36;min;00251"
"1992-06-18;13:40;58;max;00251"
"1992-06-18;18:40;28;min;00251"
"1992-06-18;23:25;63;max;00251"
"1992-06-19;6:15;-19;min;00251"
"1992-06-19;14:20;70;max;00251"
"1992-06-19;19:25;36;min;00251"
"1992-06-19;23:50;60;max;00251"
"1992-06-20;7:10;-13;min;00251"
"1992-06-20;14:20;66;max;00251"
"1992-06-20;20:20;20;min;00251"
"1992-06-21;0:35;39;max;00251"
"1992-06-21;7:05;-16;min;00251"
"1992-06-21;15:00;49;max;00251"
"1992-06-21;21:20;6;min;00251"
"1992-06-22;1:50;27;max;00251"
"1992-06-22;8:10;-12;min;00251"
"1992-06-22;15:20;44;max;00251"
"1992-06-22;22:50;11;min;00251"
"1992-06-23;2:40;27;max;00251"
"1992-06-23;8:00;4;min;00251"
"1992-06-23;17:05;59;max;00251"
"1992-06-23;22:25;16;min;00251"
"1992-06-24;0:10;20;max;00251"
"1992-06-24;2:10;14;min;00251"
"1992-06-24;3:50;16;max;00251"
"1992-06-24;9:00;0;min;00251"
"1992-06-24;17:20;62;max;00251"
"1992-06-25;1:20;-8;min;00251"
"1992-06-25;6:35;20;max;00251"
"1992-06-25;10:00;11;min;00251"
"1992-06-25;18:15;68;max;00251"
"1992-06-26;2:20;-26;min;00251"
"1992-06-26;9:35;27;max;00251"
"1992-06-26;12:00;20;min;00251"
"1992-06-26;18:35;64;max;00251"
"1992-06-27;2:55;-36;min;00251"
"1992-06-27;9:55;43;max;00251"
"1992-06-27;13:50;22;min;00251"
"1992-06-27;19:40;62;max;00251"
"1992-06-28;3:35;-35;min;00251"
"1992-06-28;10:30;51;max;00251"
"1992-06-28;15:15;18;min;00251"
"1992-06-28;21:00;63;max;00251"
"1992-06-29;3:45;-38;min;00251"
"1992-06-29;10:30;55;max;00251"
"1992-06-29;15:55;7;min;00251"
"1992-06-29;21:40;67;max;00251"
"1992-06-30;4:40;-40;min;00251"
"1992-06-30;11:10;55;max;00251"
"1992-06-30;16:25;6;min;00251"
"1992-06-30;22:25;72;max;00251"
"1992-07-01;5:40;-39;min;00251"
"1992-07-01;12:10;55;max;00251"
"1992-07-01;17:15;12;min;00251"
"1992-07-01;23:15;67;max;00251"
"1992-07-02;6:10;-48;min;00251"
"1992-07-02;13:00;52;max;00251"
"1992-07-02;17:55;14;min;00251"
"1992-07-02;23:10;62;max;00251"
"1992-07-03;6:40;-53;min;00251"
"1992-07-03;13:55;57;max;00251"
"1992-07-03;19:30;6;min;00251"
"1992-07-04;0:15;41;max;00251"
"1992-07-04;7:05;-42;min;00251"
"1992-07-04;14:15;67;max;00251"
"1992-07-04;20:20;3;min;00251"
"1992-07-05;0:45;38;max;00251"
"1992-07-05;7:20;-24;min;00251"
"1992-07-05;14:45;70;max;00251"
"1992-07-05;20:45;3;min;00251"
"1992-07-06;1:35;28;max;00251"
"1992-07-06;7:40;-8;min;00251"
"1992-07-06;15:40;65;max;00251"
"1992-07-06;22:15;1;min;00251"
"1992-07-07;3:10;19;max;00251"
"1992-07-07;9:00;6;min;00251"
"1992-07-07;16:25;55;max;00251"
"1992-07-08;0:15;-7;min;00251"
"1992-07-08;6:30;19;max;00251"
"1992-07-08;10:40;8;min;00251"
"1992-07-08;17:25;48;max;00251"
"1992-07-09;0:55;-16;min;00251"
"1992-07-09;18:40;52;max;00251"
"1992-07-10;2:40;-18;min;00251"
"1992-07-10;9:15;35;max;00251"
"1992-07-10;13:20;23;min;00251"
"1992-07-10;19:35;63;max;00251"
"1992-07-11;3:25;-25;min;00251"
"1992-07-11;9:40;50;max;00251"
"1992-07-11;14:05;27;min;00251"
"1992-07-11;20:10;67;max;00251"
"1992-07-12;3:50;-31;min;00251"
"1992-07-12;10:55;51;max;00251"
"1992-07-12;15:15;22;min;00251"
"1992-07-12;20:40;70;max;00251"
"1992-07-13;4:05;-37;min;00251"
"1992-07-13;10:55;49;max;00251"
"1992-07-13;15:40;9;min;00251"
"1992-07-13;21:40;55;max;00251"
"1992-07-14;4:40;-44;min;00251"
"1992-07-14;11:20;47;max;00251"
"1992-07-14;16:40;0;min;00251"
"1992-07-14;22:00;52;max;00251"
"1992-07-15;4:50;-42;min;00251"
"1992-07-15;11:50;48;max;00251"
"1992-07-15;17:00;0;min;00251"
"1992-07-15;22:45;52;max;00251"
"1992-07-16;5:15;-37;min;00251"
"1992-07-16;12:10;48;max;00251"
"1992-07-16;17:30;0;min;00251"
"1992-07-16;23:25;57;max;00251"
"1992-07-17;6:10;-40;min;00251"
"1992-07-17;13:05;41;max;00251"
"1992-07-17;17:15;3;min;00251"
"1992-07-17;23:55;49;max;00251"
"1992-07-18;6:25;-39;min;00251"
"1992-07-18;13:25;44;max;00251"
"1992-07-18;19:00;0;min;00251"
"1992-07-19;0:15;42;max;00251"
"1992-07-19;6:45;-39;min;00251"
"1992-07-19;13:40;49;max;00251"
"1992-07-19;19:30;-4;min;00251"
"1992-07-20;0:25;31;max;00251"
"1992-07-20;6:45;-33;min;00251"
"1992-07-20;14:00;46;max;00251"
"1992-07-20;20:50;-7;min;00251"
"1992-07-21;1:10;19;max;00251"
"1992-07-21;6:55;-21;min;00251"
"1992-07-21;14:20;52;max;00251"
"1992-07-21;21:10;-5;min;00251"
"1992-07-22;2:20;20;max;00251"
"1992-07-22;7:15;-5;min;00251"
"1992-07-22;14:55;48;max;00251"
"1992-07-22;22:30;-5;min;00251"
"1992-07-23;4:10;12;max;00251"
"1992-07-23;8:35;4;min;00251"
"1992-07-23;16:05;44;max;00251"
"1992-07-23;23:20;-8;min;00251"
"1992-07-24;7:00;16;max;00251"
"1992-07-24;9:20;14;min;00251"
"1992-07-24;17:25;46;max;00251"
"1992-07-25;1:35;-12;min;00251"
"1992-07-25;9:30;27;max;00251"
"1992-07-25;12:20;22;min;00251"
"1992-07-25;18:45;52;max;00251"
"1992-07-26;2:50;-29;min;00251"
"1992-07-26;9:20;33;max;00251"
"1992-07-26;13:45;12;min;00251"
"1992-07-26;19:50;55;max;00251"
"1992-07-27;3:20;-45;min;00251"
"1992-07-27;9:50;39;max;00251"
"1992-07-27;14:40;11;min;00251"
"1992-07-27;20:40;59;max;00251"
"1992-07-28;3:55;-53;min;00251"
"1992-07-28;10:45;48;max;00251"
"1992-07-28;15:40;4;min;00251"
"1992-07-28;21:35;59;max;00251"
"1992-07-29;4:30;-53;min;00251"
"1992-07-29;11:25;57;max;00251"
"1992-07-29;16:50;-7;min;00251"
"1992-07-29;22:20;57;max;00251"
"1992-07-30;5:10;-58;min;00251"
"1992-07-30;11:40;59;max;00251"
"1992-07-30;17:30;-15;min;00251"
"1992-07-30;23:00;52;max;00251"
"1992-07-31;5:35;-53;min;00251"
"1992-07-31;11:35;57;max;00251"
"1992-07-31;17:55;-17;min;00251"
"1992-07-31;23:40;51;max;00251"
"1992-08-01;6:10;-45;min;00251"
"1992-08-01;12:50;59;max;00251"
"1992-08-01;18:35;-16;min;00251"
"1992-08-02;0:20;47;max;00251"
"1992-08-02;6:35;-36;min;00251"
"1992-08-02;13:15;55;max;00251"
"1992-08-02;19:25;-15;min;00251"
"1992-08-03;0:45;35;max;00251"
"1992-08-03;6:05;-26;min;00251"
"1992-08-03;14:00;55;max;00251"
"1992-08-03;20:15;-12;min;00251"
"1992-08-04;1:15;30;max;00251"
"1992-08-04;6:55;-16;min;00251"
"1992-08-04;13:55;58;max;00251"
"1992-08-04;21:15;-7;min;00251"
"1992-08-05;0:55;12;max;00251"
"1992-08-05;5:35;-1;min;00251"
"1992-08-05;14:50;47;max;00251"
"1992-08-06;0:20;-12;min;00251"
"1992-08-06;16:05;40;max;00251"
"1992-08-07;0:50;-20;min;00251"
"1992-08-07;9:50;27;max;00251"
"1992-08-07;13:25;23;min;00251"
"1992-08-07;18:15;38;max;00251"
"1992-08-08;2:10;-21;min;00251"
"1992-08-08;9:25;35;max;00251"
"1992-08-08;13:50;17;min;00251"
"1992-08-08;19:05;40;max;00251"
"1992-08-09;2:50;-25;min;00251"
"1992-08-09;9:50;43;max;00251"
"1992-08-09;15:20;12;min;00251"
"1992-08-09;20:25;51;max;00251"
"1992-08-10;3:25;-28;min;00251"
"1992-08-10;10:05;55;max;00251"
"1992-08-10;15:05;11;min;00251"
"1992-08-10;20:20;59;max;00251"
"1992-08-11;4:10;-40;min;00251"
"1992-08-11;10:20;55;max;00251"
"1992-08-11;15:50;-2;min;00251"
"1992-08-11;21:25;55;max;00251"
"1992-08-12;4:10;-37;min;00251"
"1992-08-12;10:30;49;max;00251"
"1992-08-12;16:10;-7;min;00251"
"1992-08-12;21:50;55;max;00251"
"1992-08-13;4:35;-37;min;00251"
"1992-08-13;11:10;47;max;00251"
"1992-08-13;16:40;-9;min;00251"
"1992-08-13;22:30;55;max;00251"
"1992-08-14;5:10;-37;min;00251"
"1992-08-14;11:40;54;max;00251"
"1992-08-14;17:10;-4;min;00251"
"1992-08-14;22:55;65;max;00251"
"1992-08-15;5:50;-37;min;00251"
"1992-08-15;12:20;60;max;00251"
"1992-08-15;17:50;-7;min;00251"
"1992-08-15;23:25;55;max;00251"
"1992-08-16;5:45;-33;min;00251"
"1992-08-16;12:45;62;max;00251"
"1992-08-16;18:35;-7;min;00251"
"1992-08-16;23:45;48;max;00251"
"1992-08-17;6:10;-36;min;00251"
"1992-08-17;12:55;59;max;00251"
"1992-08-17;19:00;-12;min;00251"
"1992-08-18;0:15;33;max;00251"
"1992-08-18;6:15;-26;min;00251"
"1992-08-18;13:05;55;max;00251"
"1992-08-18;19:30;-15;min;00251"
"1992-08-19;0:50;28;max;00251"
"1992-08-19;6:20;-15;min;00251"
"1992-08-19;13:05;52;max;00251"
"1992-08-19;20:10;-8;min;00251"
"1992-08-20;1:40;26;max;00251"
"1992-08-20;6:55;-2;min;00251"
"1992-08-20;13:50;48;max;00251"
"1992-08-20;21:00;0;min;00251"
"1992-08-21;2:25;22;max;00251"
"1992-08-21;7:10;12;min;00251"
"1992-08-21;14:45;47;max;00251"
"1992-08-21;23:40;3;min;00251"
"1992-08-22;6:35;24;max;00251"
"1992-08-22;9:05;23;min;00251"
"1992-08-22;16:35;46;max;00251"
"1992-08-23;2:05;-4;min;00251"
"1992-08-23;9:00;30;max;00251"
"1992-08-23;11:45;20;min;00251"
"1992-08-23;19:30;51;max;00251"
"1992-08-24;2:10;-23;min;00251"
"1992-08-24;9:05;36;max;00251"
"1992-08-24;14:05;14;min;00251"
"1992-08-24;19:35;57;max;00251"
"1992-08-25;3:15;-45;min;00251"
"1992-08-25;9:55;51;max;00251"
"1992-08-25;14:50;8;min;00251"
"1992-08-25;20:30;60;max;00251"
"1992-08-26;3:35;-49;min;00251"
"1992-08-26;10:10;62;max;00251"
"1992-08-26;15:45;-1;min;00251"
"1992-08-26;21:10;59;max;00251"
"1992-08-27;4:00;-44;min;00251"
"1992-08-27;10:50;67;max;00251"
"1992-08-27;16:35;-10;min;00251"
"1992-08-27;20:20;58;max;00251"
"1992-08-28;4:40;-40;min;00251"
"1992-08-28;11:05;71;max;00251"
"1992-08-28;17:10;-17;min;00251"
"1992-08-28;22:55;62;max;00251"
"1992-08-29;5:25;-32;min;00251"
"1992-08-29;11:35;75;max;00251"
"1992-08-29;17:45;-15;min;00251"
"1992-08-29;23:25;68;max;00251"
"1992-08-30;6:00;-27;min;00251"
"1992-08-30;11:30;68;max;00251"
"1992-08-30;12:40;52;min;00251"
"1992-08-30;13:45;58;max;00251"
"1992-08-30;17:55;-12;min;00251"
"1992-08-31;1:00;60;max;00251"
"1992-08-31;6:45;-21;min;00251"
"1992-08-31;12:30;70;max;00251"
"1992-08-31;19:15;-8;min;00251"
"1992-09-01;1:15;65;max;00251"
"1992-09-01;7:30;3;min;00251"
"1992-09-01;11:40;55;max;00251"
"1992-09-01;19:20;-13;min;00251"
"1992-09-02;2:30;23;max;00251"
"1992-09-02;6:30;16;min;00251"
"1992-09-02;12:45;48;max;00251"
"1992-09-02;20:40;-24;min;00251"
"1992-09-03;4:50;23;max;00251"
"1992-09-03;7:35;20;min;00251"
"1992-09-03;13:35;43;max;00251"
"1992-09-03;21:15;-11;min;00251"
"1992-09-04;4:55;28;max;00251"
"1992-09-04;7:00;27;min;00251"
"1992-09-04;13:45;38;max;00251"
"1992-09-04;23:15;-8;min;00251"
"1992-09-05;1:45;14;max;00251"
"1992-09-05;3:55;4;min;00251"
"1992-09-05;7:00;20;max;00251"
"1992-09-05;11:35;-12;min;00251"
"1992-09-05;17:00;40;max;00251"
"1992-09-06;2:00;-16;min;00251"
"1992-09-06;9:00;22;max;00251"
"1992-09-06;11:30;17;min;00251"
"1992-09-06;19:20;41;max;00251"
"1992-09-07;2:25;-28;min;00251"
"1992-09-07;11:20;39;max;00251"
"1992-09-07;15:00;14;min;00251"
"1992-09-07;19:45;43;max;00251"
"1992-09-08;3:00;-34;min;00251"
"1992-09-08;9:55;52;max;00251"
"1992-09-08;15:15;1;min;00251"
"1992-09-08;20:25;44;max;00251"
"1992-09-09;3:10;-37;min;00251"
"1992-09-09;9:55;54;max;00251"
"1992-09-09;15:50;-10;min;00251"
"1992-09-09;20:55;39;max;00251"
"1992-09-10;3:30;-40;min;00251"
"1992-09-10;10:15;52;max;00251"
"1992-09-10;16:20;-24;min;00251"
"1992-09-10;21:45;41;max;00251"
"1992-09-11;3:55;-39;min;00251"
"1992-09-11;10:25;52;max;00251"
"1992-09-11;16:35;-28;min;00251"
"1992-09-11;22:15;43;max;00251"
"1992-09-12;4:30;-39;min;00251"
"1992-09-12;10:45;44;max;00251"
"1992-09-12;16:50;-37;min;00251"
"1992-09-12;23:00;43;max;00251"
"1992-09-13;4:50;-32;min;00251"
"1992-09-13;11:05;49;max;00251"
"1992-09-13;17:20;-29;min;00251"
"1992-09-13;23:15;48;max;00251"
"1992-09-14;5:15;-27;min;00251"
"1992-09-14;11:40;56;max;00251"
"1992-09-14;17:45;-21;min;00251"
"1992-09-14;23:35;52;max;00251"
"1992-09-15;5:40;-25;min;00251"
"1992-09-15;11:50;54;max;00251"
"1992-09-15;18:15;-23;min;00251"
"1992-09-15;0:00;36;max;00251"
"1992-09-16;5:45;-25;min;00251"
"1992-09-16;12:30;49;max;00251"
"1992-09-16;19:05;-23;min;00251"
"1992-09-17;0:35;25;max;00251"
"1992-09-17;5:55;-16;min;00251"
"1992-09-17;12:45;49;max;00251"
"1992-09-17;20:05;-24;min;00251"
"1992-09-18;1:30;16;max;00251"
"1992-09-18;6:10;-5;min;00251"
"1992-09-18;12:40;44;max;00251"
"1992-09-18;20:40;-20;min;00251"
"1992-09-19;3:30;15;max;00251"
"1992-09-19;6:00;11;min;00251"
"1992-09-19;13:00;39;max;00251"
"1992-09-19;22:35;-15;min;00251"
"1992-09-20;8:15;27;max;00251"
"1992-09-20;10:20;25;min;00251"
"1992-09-20;16:05;31;max;00251"
"1992-09-21;0:40;-17;min;00251"
"1992-09-21;7:55;38;max;00251"
"1992-09-21;13:10;16;min;00251"
"1992-09-21;18:35;39;max;00251"
"1992-09-22;1:35;-25;min;00251"
"1992-09-22;8:30;48;max;00251"
"1992-09-22;14:00;6;min;00251"
"1992-09-22;19:55;49;max;00251"
"1992-09-23;2:30;-28;min;00251"
"1992-09-23;9:05;59;max;00251"
"1992-09-23;14:50;-7;min;00251"
"1992-09-23;20:30;57;max;00251"
"1992-09-24;2:35;-33;min;00251"
"1992-09-24;9:25;67;max;00251"
"1992-09-24;15:50;-12;min;00251"
"1992-09-24;21:30;49;max;00251"
"1992-09-25;3:30;-36;min;00251"
"1992-09-25;9:50;71;max;00251"
"1992-09-25;16:40;-29;min;00251"
"1992-09-25;22:15;43;max;00251"
"1992-09-26;4:00;-37;min;00251"
"1992-09-26;10:30;72;max;00251"
"1992-09-26;17:00;-39;min;00251"
"1992-09-26;22:55;47;max;00251"
"1992-09-27;4:40;-28;min;00251"
"1992-09-27;10:50;72;max;00251"
"1992-09-27;17:20;-33;min;00251"
"1992-09-27;23:40;60;max;00251"
"1992-09-28;5:10;0;min;00251"
"1992-09-28;11:20;76;max;00251"
"1992-09-28;17:50;-25;min;00251"
"1992-09-29;0:05;57;max;00251"
"1992-09-29;5:50;-7;min;00251"
"1992-09-29;11:25;67;max;00251"
"1992-09-29;18:00;-23;min;00251"
"1992-09-30;0:45;48;max;00251"
"1992-09-30;6:10;-7;min;00251"
"1992-09-30;12:10;62;max;00251"
"1992-09-30;18:55;-16;min;00251"
"1992-10-01;0:35;36;max;00251"
"1992-10-01;6:00;8;min;00251"
"1992-10-01;12:25;57;max;00251"
"1992-10-01;19:40;-9;min;00251"
"1992-10-02;2:00;20;max;00251"
"1992-10-02;4:40;17;min;00251"
"1992-10-02;12:45;49;max;00251"
"1992-10-02;21:20;-1;min;00251"
"1992-10-03;13:50;64;max;00251"
"1992-10-03;22:05;20;min;00251"
"1992-10-04;9:50;118;max;00251"
"1992-10-05;0:05;-7;min;00251"
"1992-10-05;8:35;124;max;00251"
"1992-10-05;14:25;84;min;00251"
"1992-10-05;15:40;87;max;00251"
"1992-10-06;1:05;15;min;00251"
"1992-10-06;8:20;92;max;00251"
"1992-10-06;15:45;46;min;00251"
"1992-10-06;19:15;63;max;00251"
"1992-10-07;1:10;19;min;00251"
"1992-10-07;8:40;89;max;00251"
"1992-10-07;15:15;19;min;00251"
"1992-10-07;20:40;63;max;00251"
"1992-10-08;2:45;8;min;00251"
"1992-10-08;8:50;75;max;00251"
"1992-10-08;15:15;-1;min;00251"
"1992-10-08;21:15;62;max;00251"
"1992-10-09;3:05;-5;min;00251"
"1992-10-09;9:35;73;max;00251"
"1992-10-09;15:35;-2;min;00251"
"1992-10-09;21:30;72;max;00251"
"1992-10-10;3:00;8;min;00251"
"1992-10-10;10:00;95;max;00251"
"1992-10-10;16:15;13;min;00251"
"1992-10-10;21:15;81;max;00251"
"1992-10-11;3:30;11;min;00251"
"1992-10-11;10:35;94;max;00251"
"1992-10-11;17:00;8;min;00251"
"1992-10-11;22:50;75;max;00251"
"1992-10-12;4:25;8;min;00251"
"1992-10-12;10:40;94;max;00251"
"1992-10-12;17:10;-1;min;00251"
"1992-10-12;23:10;78;max;00251"
"1992-10-13;4:50;19;min;00251"
"1992-10-13;11:20;91;max;00251"
"1992-10-13;17:50;-8;min;00251"
"1992-10-13;23:40;59;max;00251"
"1992-10-14;5:10;8;min;00251"
"1992-10-14;11:25;84;max;00251"
"1992-10-14;18:20;-9;min;00251"
"1992-10-15;1:00;63;max;00251"
"1992-10-15;5:35;22;min;00251"
"1992-10-15;11:35;87;max;00251"
"1992-10-15;18:35;-1;min;00251"
"1992-10-16;1:20;71;max;00251"
"1992-10-16;5:50;40;min;00251"
"1992-10-16;12:05;87;max;00251"
"1992-10-16;19:15;9;min;00251"
"1992-10-17;2:15;64;max;00251"
"1992-10-17;7:00;47;min;00251"
"1992-10-17;13:05;95;max;00251"
"1992-10-17;20:00;48;min;00251"
"1992-10-18;2:55;75;max;00251"
"1992-10-18;7:05;52;min;00251"
"1992-10-18;14:00;87;max;00251"
"1992-10-18;22:30;11;min;00251"
"1992-10-19;5:20;46;max;00251"
"1992-10-19;6:40;43;min;00251"
"1992-10-19;14:25;63;max;00251"
"1992-10-20;0:50;4;min;00251"
"1992-10-20;8:25;86;max;00251"
"1992-10-20;15:30;43;min;00251"
"1992-10-20;18:10;49;max;00251"
"1992-10-20;0:00;-8;min;00251"
"1992-10-21;8:00;100;max;00251"
"1992-10-21;14:30;24;min;00251"
"1992-10-21;19:20;63;max;00251"
"1992-10-22;1:40;11;min;00251"
"1992-10-22;7:50;80;max;00251"
"1992-10-22;14:50;-8;min;00251"
"1992-10-22;20:55;72;max;00251"
"1992-10-23;3:00;23;min;00251"
"1992-10-23;8:15;80;max;00251"
"1992-10-23;14:50;-5;min;00251"
"1992-10-23;21:25;91;max;00251"
"1992-10-24;3:35;16;min;00251"
"1992-10-24;9:10;84;max;00251"
"1992-10-24;15:50;-5;min;00251"
"1992-10-24;22:00;81;max;00251"
"1992-10-25;3:55;-2;min;00251"
"1992-10-25;10:10;86;max;00251"
"1992-10-25;16:00;-1;min;00251"
"1992-10-25;22:20;81;max;00251"
"1992-10-26;4:15;14;min;00251"
"1992-10-26;10:20;102;max;00251"
"1992-10-26;17:30;-15;min;00251"
"1992-10-26;23:35;57;max;00251"
"1992-10-27;4:25;6;min;00251"
"1992-10-27;10:45;100;max;00251"
"1992-10-27;18:05;-24;min;00251"
"1992-10-28;0:10;55;max;00251"
"1992-10-28;4:50;23;min;00251"
"1992-10-28;11:05;91;max;00251"
"1992-10-28;18:15;-21;min;00251"
"1992-10-29;1:05;65;max;00251"
"1992-10-29;5:30;43;min;00251"
"1992-10-29;11:05;89;max;00251"
"1992-10-29;17:40;-10;min;00251"
"1992-10-30;1:30;62;max;00251"
"1992-10-30;6:10;33;min;00251"
"1992-10-30;12:25;72;max;00251"
"1992-10-30;19:20;4;min;00251"
"1992-10-31;1:45;59;max;00251"
"1992-10-31;6:05;41;min;00251"
"1992-10-31;12:40;63;max;00251"
"1992-10-31;18:55;4;min;00251"
"1992-11-01;5:00;49;max;00251"
"1992-11-01;8:50;40;min;00251"
"1992-11-01;13:10;44;max;00251"
"1992-11-01;21:05;7;min;00251"
"1992-11-02;5:00;48;max;00251"
"1992-11-02;11:10;31;min;00251"
"1992-11-02;14:40;35;max;00251"
"1992-11-02;22:30;12;min;00251"
"1992-11-03;5:25;54;max;00251"
"1992-11-03;13:30;16;min;00251"
"1992-11-03;18:30;36;max;00251"
"1992-11-03;23:40;11;min;00251"
"1992-11-04;7:25;59;max;00251"
"1992-11-04;14:00;6;min;00251"
"1992-11-04;19:30;36;max;00251"
"1992-11-05;0:40;0;min;00251"
"1992-11-05;7:25;55;max;00251"
"1992-11-05;14:40;-12;min;00251"
"1992-11-05;19:45;31;max;00251"
"1992-11-06;1:20;-12;min;00251"
"1992-11-06;7:55;51;max;00251"
"1992-11-06;15:00;-25;min;00251"
"1992-11-06;20:40;30;max;00251"
"1992-11-07;2:00;-16;min;00251"
"1992-11-07;8:40;59;max;00251"
"1992-11-07;15:30;-29;min;00251"
"1992-11-07;21:10;35;max;00251"
"1992-11-08;2:40;-8;min;00251"
"1992-11-08;9:00;63;max;00251"
"1992-11-08;16:00;-40;min;00251"
"1992-11-08;21:50;38;max;00251"
"1992-11-09;3:05;-16;min;00251"
"1992-11-09;9:25;60;max;00251"
"1992-11-09;16:20;-45;min;00251"
"1992-11-09;22:40;40;max;00251"
"1992-11-10;3:35;-10;min;00251"
"1992-11-10;9:55;70;max;00251"
"1992-11-10;17:00;-40;min;00251"
"1992-11-10;22:55;52;max;00251"
"1992-11-11;4:25;8;min;00251"
"1992-11-11;10:15;67;max;00251"
"1992-11-11;17:20;-42;min;00251"
"1992-11-12;0:10;65;max;00251"
"1992-11-12;5:15;19;min;00251"
"1992-11-12;10:35;68;max;00251"
"1992-11-12;17:30;-34;min;00251"
"1992-11-13;0:35;54;max;00251"
"1992-11-13;6:00;11;min;00251"
"1992-11-13;11:15;62;max;00251"
"1992-11-13;18:05;-13;min;00251"
"1992-11-14;0:55;60;max;00251"
"1992-11-14;7:15;8;min;00251"
"1992-11-14;11:40;46;max;00251"
"1992-11-14;18:05;-33;min;00251"
"1992-11-15;1:25;64;max;00251"
"1992-11-15;8:05;16;min;00251"
"1992-11-15;12:25;31;max;00251"
"1992-11-15;17:30;12;min;00251"
"1992-11-16;2:40;70;max;00251"
"1992-11-16;8:20;43;min;00251"
"1992-11-16;14:20;63;max;00251"
"1992-11-16;22:55;27;min;00251"
"1992-11-17;5:05;63;max;00251"
"1992-11-17;10:25;43;min;00251"
"1992-11-17;15:15;70;max;00251"
"1992-11-17;23:25;4;min;00251"
"1992-11-18;6:25;64;max;00251"
"1992-11-18;11:30;32;min;00251"
"1992-11-18;16:45;43;max;00251"
"1992-11-18;23:20;-8;min;00251"
"1992-11-19;6:50;71;max;00251"
"1992-11-19;14:10;15;min;00251"
"1992-11-19;17:30;23;max;00251"
"1992-11-20;0:15;3;min;00251"
"1992-11-20;8:00;78;max;00251"
"1992-11-20;15:20;-15;min;00251"
"1992-11-20;21:20;42;max;00251"
"1992-11-21;1:45;8;min;00251"
"1992-11-21;8:05;87;max;00251"
"1992-11-21;15:25;-23;min;00251"
"1992-11-21;21:40;62;max;00251"
"1992-11-22;2:15;20;min;00251"
"1992-11-22;8:20;91;max;00251"
"1992-11-22;15:40;-25;min;00251"
"1992-11-22;21:55;63;max;00251"
"1992-11-23;3:10;19;min;00251"
"1992-11-23;8:25;76;max;00251"
"1992-11-23;16:15;-36;min;00251"
"1992-11-23;23:00;59;max;00251"
"1992-11-24;4:10;11;min;00251"
"1992-11-24;9:50;67;max;00251"
"1992-11-24;16:40;-33;min;00251"
"1992-11-24;23:30;60;max;00251"
"1992-11-25;4:50;11;min;00251"
"1992-11-25;10:25;70;max;00251"
"1992-11-25;17:20;-31;min;00251"
"1992-11-25;23:40;55;max;00251"
"1992-11-26;5:00;9;min;00251"
"1992-11-26;11:15;68;max;00251"
"1992-11-26;18:00;-29;min;00251"
"1992-11-27;0:10;54;max;00251"
"1992-11-27;5:45;9;min;00251"
"1992-11-27;10:50;58;max;00251"
"1992-11-27;18:15;-37;min;00251"
"1992-11-28;1:20;40;max;00251"
"1992-11-28;6:30;20;min;00251"
"1992-11-28;11:50;55;max;00251"
"1992-11-28;18:50;-29;min;00251"
"1992-11-29;2:20;47;max;00251"
"1992-11-29;7:30;23;min;00251"
"1992-11-29;12:05;46;max;00251"
"1992-11-29;18:55;-26;min;00251"
"1992-11-30;2:55;44;max;00251"
"1992-11-30;7:50;17;min;00251"
"1992-11-30;12:00;27;max;00251"
"1992-11-30;19:55;-18;min;00251"
"1992-12-01;3:10;47;max;00251"
"1992-12-01;9:35;15;min;00251"
"1992-12-01;12:30;20;max;00251"
"1992-12-01;20:15;-8;min;00251"
"1992-12-02;5:10;48;max;00251"
"1992-12-02;11:40;16;min;00251"
"1992-12-02;16:30;32;max;00251"
"1992-12-02;20:45;20;min;00251"
"1992-12-03;5:40;71;max;00251"
"1992-12-03;11:40;24;min;00251"
"1992-12-03;20:45;63;max;00251"
"1992-12-03;23:50;55;min;00251"
"1992-12-04;6:20;80;max;00251"
"1992-12-04;15:05;-12;min;00251"
"1992-12-04;22:00;54;max;00251"
"1992-12-04;23:20;52;min;00251"
"1992-12-05;0:10;54;max;00251"
"1992-12-05;1:15;52;min;00251"
"1992-12-05;7:40;96;max;00251"
"1992-12-05;14:10;30;min;00251"
"1992-12-05;20:20;95;max;00251"
"1992-12-06;2:50;36;min;00251"
"1992-12-06;7:15;63;max;00251"
"1992-12-06;14:25;-2;min;00251"
"1992-12-06;20:30;72;max;00251"
"1992-12-07;3:05;20;min;00251"
"1992-12-07;8:30;62;max;00251"
"1992-12-07;15:05;7;min;00251"
"1992-12-07;22:25;78;max;00251"
"1992-12-08;2:20;52;min;00251"
"1992-12-08;10:10;142;max;00251"
"1992-12-08;17:10;44;min;00251"
"1992-12-08;22:15;80;max;00251"
"1992-12-09;1:55;65;min;00251"
"1992-12-09;10:40;132;max;00251"
"1992-12-09;17:50;-5;min;00251"
"1992-12-09;23:20;76;max;00251"
"1992-12-10;4:15;39;min;00251"
"1992-12-10;10:10;113;max;00251"
"1992-12-10;17:40;-25;min;00251"
"1992-12-11;0:15;80;max;00251"
"1992-12-11;5:15;38;min;00251"
"1992-12-11;10:20;89;max;00251"
"1992-12-11;17:45;-33;min;00251"
"1992-12-12;0:40;70;max;00251"
"1992-12-12;5:45;28;min;00251"
"1992-12-12;11:00;71;max;00251"
"1992-12-12;18:35;-20;min;00251"
"1992-12-13;1:00;75;max;00251"
"1992-12-13;7:05;4;min;00251"
"1992-12-13;12:20;60;max;00251"
"1992-12-13;18:50;-24;min;00251"
"1992-12-14;1:20;57;max;00251"
"1992-12-14;7:15;3;min;00251"
"1992-12-14;12:35;48;max;00251"
"1992-12-14;19:25;-20;min;00251"
"1992-12-15;2:35;48;max;00251"
"1992-12-15;8:25;8;min;00251"
"1992-12-15;13:25;33;max;00251"
"1992-12-15;20:35;-18;min;00251"
"1992-12-16;4:20;52;max;00251"
"1992-12-16;10:05;9;min;00251"
"1992-12-16;14:45;23;max;00251"
"1992-12-16;21:20;-12;min;00251"
"1992-12-17;4:35;59;max;00251"
"1992-12-17;11:40;0;min;00251"
"1992-12-17;16:05;11;max;00251"
"1992-12-17;22:00;-3;min;00251"
"1992-12-18;5:10;55;max;00251"
"1992-12-18;13:55;-13;min;00251"
"1992-12-18;20:30;17;max;00251"
"1992-12-19;0:15;8;min;00251"
"1992-12-19;6:15;54;max;00251"
"1992-12-19;14:35;-34;min;00251"
"1992-12-19;21:10;25;max;00251"
"1992-12-20;1:15;6;min;00251"
"1992-12-20;7:20;55;max;00251"
"1992-12-20;15:00;-44;min;00251"
"1992-12-20;21:45;31;max;00251"
"1992-12-21;2:00;5;min;00251"
"1992-12-21;7:50;57;max;00251"
"1992-12-21;15:35;-44;min;00251"
"1992-12-21;22:25;39;max;00251"
"1992-12-22;3:05;8;min;00251"
"1992-12-22;8:40;55;max;00251"
"1992-12-22;15:55;-53;min;00251"
"1992-12-22;23:10;42;max;00251"
"1992-12-23;4:00;3;min;00251"
"1992-12-23;9:45;56;max;00251"
"1992-12-23;16:35;-47;min;00251"
"1992-12-23;23:35;48;max;00251"
"1992-12-24;4:40;1;min;00251"
"1992-12-24;10:00;55;max;00251"
"1992-12-24;17:00;-48;min;00251"
"1992-12-24;23:45;42;max;00251"
"1992-12-25;5:05;-1;min;00251"
"1992-12-25;10:55;55;max;00251"
"1992-12-25;17:35;-44;min;00251"
"1992-12-26;0:35;40;max;00251"
"1992-12-26;5:55;-1;min;00251"
"1992-12-26;11:25;46;max;00251"
"1992-12-26;18:00;-53;min;00251"
"1992-12-27;1:00;35;max;00251"
"1992-12-27;6:30;-12;min;00251"
"1992-12-27;11:30;36;max;00251"
"1992-12-27;18:20;-55;min;00251"
"1992-12-28;1:25;51;max;00251"
"1992-12-28;5:55;0;min;00251"
"1992-12-28;11:50;41;max;00251"
"1992-12-28;17:55;-21;min;00251"
"1992-12-29;1:15;39;max;00251"
"1992-12-29;8:15;8;min;00251"
"1992-12-29;12:35;25;max;00251"
"1992-12-29;19:15;-33;min;00251"
"1992-12-30;3:20;32;max;00251"
"1992-12-30;8:30;-5;min;00251"
"1992-12-30;13:15;23;max;00251"
"1992-12-30;19:45;-24;min;00251"
"1992-12-31;3:50;40;max;00251"
"1992-12-31;9:35;-5;min;00251"
"1992-12-31;14:00;11;max;00251"
"1992-12-31;20:10;-25;min;00251"
