P.Salute Canal Grande;;;
data;ora solare;valore;
01/01/2019;00:40;-0.09;min
01/01/2019;06:45;0.46;max
01/01/2019;14:45;-0.36;min
01/01/2019;21:05;0.23;max
02/01/2019;01:00;0.07;min
02/01/2019;07:35;0.58;max
02/01/2019;15:25;-0.44;min
02/01/2019;21:55;0.31;max
03/01/2019;02:30;0.03;min
03/01/2019;08:05;0.52;max
03/01/2019;15:50;-0.5;min
03/01/2019;22:20;0.36;max
04/01/2019;02:50;0.02;min
04/01/2019;08:45;0.6;max
04/01/2019;15:55;-0.46;min
04/01/2019;22:30;0.37;max
05/01/2019;03:30;0.01;min
05/01/2019;09:20;0.54;max
05/01/2019;16:35;-0.37;min
05/01/2019;23:40;0.46;max
06/01/2019;04:45;0.01;min
06/01/2019;10:25;0.51;max
06/01/2019;17:05;-0.4;min
06/01/2019;23:45;0.53;max
07/01/2019;05:10;0.04;min
07/01/2019;10:40;0.54;max
07/01/2019;17:40;-0.4;min
08/01/2019;00:35;0.45;max
08/01/2019;05:25;0.09;min
08/01/2019;11:25;0.61;max
08/01/2019;17:50;-0.23;min
09/01/2019;01:10;0.64;max
09/01/2019;06:20;0.22;min
09/01/2019;11:35;0.68;max
09/01/2019;18:40;-0.15;min
10/01/2019;01:35;0.57;max
10/01/2019;06:40;0.17;min
10/01/2019;12:30;0.6;max
10/01/2019;19:20;-0.13;min
11/01/2019;03:00;0.5;max
11/01/2019;07:30;0.22;min
11/01/2019;12:35;0.55;max
11/01/2019;19:50;-0.2;min
12/01/2019;02:50;0.47;max
12/01/2019;08:10;0.13;min
12/01/2019;12:55;0.41;max
12/01/2019;19:30;-0.15;min
13/01/2019;04:00;0.6;max
13/01/2019;10:15;0.29;min
13/01/2019;13:35;0.37;max
13/01/2019;20:00;0.01;min
14/01/2019;04:55;0.82;max
14/01/2019;19:25;0.03;min
15/01/2019;05:15;0.78;max
15/01/2019;14:25;-0.07;min
16/01/2019;05:30;0.69;max
16/01/2019;14:20;-0.2;min
16/01/2019;21:15;0.51;max
17/01/2019;01:05;0.35;min
17/01/2019;06:45;0.79;max
17/01/2019;14:25;-0.13;min
17/01/2019;21:30;0.73;max
18/01/2019;02:05;0.44;min
18/01/2019;07:50;0.77;max
18/01/2019;14:45;-0.15;min
18/01/2019;21:50;0.68;max
19/01/2019;03:00;0.26;min
19/01/2019;09:10;0.72;max
19/01/2019;16:05;-0.19;min
19/01/2019;22:50;0.65;max
20/01/2019;04:00;0.16;min
20/01/2019;10:05;0.77;max
20/01/2019;16:55;-0.25;min
20/01/2019;23:20;0.61;max
21/01/2019;04:20;0.07;min
21/01/2019;10:45;0.81;max
21/01/2019;17:45;-0.28;min
22/01/2019;00:10;0.66;max
22/01/2019;05:00;0.19;min
22/01/2019;11:30;0.92;max
22/01/2019;18:25;-0.13;min
23/01/2019;00:55;0.76;max
23/01/2019;06:10;0.23;min
23/01/2019;11:55;0.86;max
23/01/2019;18:55;-0.15;min
24/01/2019;01:35;0.78;max
24/01/2019;06:50;0.24;min
24/01/2019;12:25;0.83;max
24/01/2019;19:10;-0.03;min
25/01/2019;02:25;0.85;max
25/01/2019;08:10;0.3;min
25/01/2019;13:10;0.64;max
25/01/2019;19:20;-0.04;min
26/01/2019;02:50;0.76;max
26/01/2019;08:55;0.18;min
26/01/2019;13:05;0.37;max
26/01/2019;19:05;0.09;min
27/01/2019;03:25;0.81;max
27/01/2019;10:10;0.33;min
27/01/2019;15:50;0.52;max
27/01/2019;18:55;0.43;min
28/01/2019;03:30;0.94;max
28/01/2019;11:50;0.4;min
28/01/2019;19:20;0.53;max
28/01/2019;23:25;0.43;min
29/01/2019;05:10;0.8;max
29/01/2019;13:25;0.28;min
29/01/2019;21:30;0.56;max
29/01/2019;23:45;0.5;min
30/01/2019;06:30;0.79;max
30/01/2019;14:20;0.17;min
30/01/2019;21:50;0.73;max
31/01/2019;02:00;0.53;min
31/01/2019;07:20;0.84;max
31/01/2019;15:25;0;min
31/01/2019;22:50;0.84;max
01/02/2019;02:15;0.68;min
01/02/2019;08:25;0.99;max
01/02/2019;15:30;0.27;min
01/02/2019;23:00;1.11;max
02/02/2019;04:45;0.79;min
02/02/2019;08:45;1.13;max
02/02/2019;16:25;0.15;min
02/02/2019;23:50;1.13;max
03/02/2019;03:40;0.79;min
03/02/2019;08:20;1.11;max
03/02/2019;16:10;0.02;min
03/02/2019;23:15;0.87;max
04/02/2019;05:20;0.3;min
04/02/2019;10:20;0.76;max
04/02/2019;16:35;-0.03;min
04/02/2019;23:30;0.81;max
05/02/2019;05:20;0.08;min
05/02/2019;11:05;0.71;max
05/02/2019;17:40;-0.15;min
05/02/2019;23:25;0.58;max
06/02/2019;05:10;0;min
06/02/2019;11:40;0.79;max
06/02/2019;18:05;-0.01;min
07/02/2019;00:10;0.54;max
07/02/2019;05:55;0.17;min
07/02/2019;11:45;0.77;max
07/02/2019;18:40;-0.11;min
08/02/2019;01:25;0.64;max
08/02/2019;06:35;0.23;min
08/02/2019;11:55;0.76;max
08/02/2019;18:40;-0.18;min
09/02/2019;02:10;0.73;max
09/02/2019;07:35;0.25;min
09/02/2019;12:10;0.66;max
09/02/2019;18:45;-0.13;min
10/02/2019;01:40;0.74;max
10/02/2019;08:15;0.22;min
10/02/2019;12:25;0.51;max
10/02/2019;18:15;0.07;min
11/02/2019;01:50;0.91;max
11/02/2019;11:05;0.21;min
11/02/2019;14:10;0.34;max
11/02/2019;18:45;0.08;min
12/02/2019;03:20;0.54;max
12/02/2019;10:15;-0.02;min
12/02/2019;15:55;0.31;max
12/02/2019;20:35;0.16;min
13/02/2019;02:20;0.49;max
13/02/2019;11:30;-0.17;min
13/02/2019;16:40;0.07;max
13/02/2019;19:15;0.01;min
14/02/2019;04:55;0.23;max
14/02/2019;12:35;-0.29;min
14/02/2019;21:20;0.17;max
15/02/2019;01:40;0.04;min
15/02/2019;07:15;0.35;max
15/02/2019;14:00;-0.38;min
15/02/2019;21:10;0.32;max
16/02/2019;02:35;0.05;min
16/02/2019;07:45;0.45;max
16/02/2019;14:50;-0.47;min
16/02/2019;22:05;0.38;max
17/02/2019;02:50;-0.01;min
17/02/2019;08:45;0.5;max
17/02/2019;15:50;-0.51;min
17/02/2019;22:35;0.48;max
18/02/2019;03:55;-0.02;min
18/02/2019;09:30;0.57;max
18/02/2019;16:30;-0.53;min
18/02/2019;23:05;0.56;max
19/02/2019;04:30;-0.06;min
19/02/2019;10:05;0.59;max
19/02/2019;16:55;-0.5;min
19/02/2019;23:40;0.57;max
20/02/2019;05:25;-0.15;min
20/02/2019;10:55;0.52;max
20/02/2019;17:35;-0.52;min
21/02/2019;00:10;0.54;max
21/02/2019;06:00;-0.25;min
21/02/2019;11:45;0.44;max
21/02/2019;18:00;-0.48;min
22/02/2019;00:35;0.52;max
22/02/2019;06:35;-0.24;min
22/02/2019;12:20;0.37;max
22/02/2019;18:25;-0.43;min
23/02/2019;01:20;0.44;max
23/02/2019;06:55;-0.17;min
23/02/2019;12:05;0.21;max
23/02/2019;18:20;-0.31;min
24/02/2019;01:05;0.52;max
24/02/2019;08:35;-0.23;min
24/02/2019;13:35;0.05;max
24/02/2019;18:10;-0.24;min
25/02/2019;01:15;0.27;max
25/02/2019;09:30;-0.28;min
25/02/2019;16:10;-0.02;max
25/02/2019;18:55;-0.07;min
26/02/2019;02:40;0.33;max
26/02/2019;10:55;-0.34;min
26/02/2019;17:30;0.01;max
26/02/2019;20:40;-0.02;min
27/02/2019;03:25;0.25;max
27/02/2019;09:55;-0.16;min
27/02/2019;20:15;0.14;max
27/02/2019;21:45;0.1;min
28/02/2019;04:40;0.26;max
28/02/2019;14:35;-0.08;min
28/02/2019;22:15;0.39;max
01/03/2019;02:40;0.23;min
01/03/2019;07:40;0.44;max
01/03/2019;15:00;-0.18;min
01/03/2019;21:50;0.52;max
02/03/2019;03:10;0.12;min
02/03/2019;08:25;0.45;max
02/03/2019;15:05;-0.28;min
02/03/2019;22:10;0.57;max
03/03/2019;03:15;0.11;min
03/03/2019;08:35;0.5;max
03/03/2019;15:35;-0.23;min
03/03/2019;22:25;0.63;max
04/03/2019;04:05;0.09;min
04/03/2019;09:20;0.61;max
04/03/2019;15:55;-0.15;min
04/03/2019;23:25;0.83;max
05/03/2019;05:00;0.13;min
05/03/2019;09:45;0.58;max
05/03/2019;16:00;-0.18;min
05/03/2019;22:55;0.81;max
06/03/2019;05:15;-0.02;min
06/03/2019;10:45;0.56;max
06/03/2019;16:30;-0.11;min
06/03/2019;23:00;0.72;max
07/03/2019;05:10;0;min
07/03/2019;11:45;0.78;max
07/03/2019;17:00;0.22;min
07/03/2019;23:25;0.94;max
08/03/2019;06:00;0.01;min
08/03/2019;11:50;0.69;max
08/03/2019;17:30;0.03;min
08/03/2019;23:40;0.69;max
09/03/2019;06:10;-0.08;min
09/03/2019;12:15;0.68;max
09/03/2019;18:15;-0.06;min
10/03/2019;00:15;0.65;max
10/03/2019;06:25;-0.04;min
10/03/2019;12:10;0.63;max
10/03/2019;18:05;-0.03;min
11/03/2019;00:20;0.7;max
11/03/2019;07:30;0.03;min
11/03/2019;12:50;0.46;max
11/03/2019;16:45;0.06;min
12/03/2019;00:25;0.59;max
12/03/2019;08:20;-0.28;min
12/03/2019;13:40;0.3;max
12/03/2019;19:00;-0.03;min
13/03/2019;00:50;0.55;max
13/03/2019;07:50;-0.04;min
13/03/2019;17:00;0.25;max
13/03/2019;18:30;0.19;min
14/03/2019;00:35;0.5;max
14/03/2019;10:15;-0.11;min
14/03/2019;20:10;0.42;max
14/03/2019;21:40;0.39;min
15/03/2019;03:15;0.55;max
15/03/2019;12:15;-0.09;min
15/03/2019;20:40;0.53;max
16/03/2019;00:50;0.39;min
16/03/2019;06:25;0.46;max
16/03/2019;13:30;-0.15;min
16/03/2019;21:15;0.67;max
17/03/2019;03:20;0.22;min
17/03/2019;07:35;0.51;max
17/03/2019;14:30;-0.15;min
17/03/2019;21:35;0.79;max
18/03/2019;03:55;0.14;min
18/03/2019;08:50;0.65;max
18/03/2019;15:10;-0.25;min
18/03/2019;21:45;0.72;max
19/03/2019;03:50;-0.09;min
19/03/2019;10:00;0.67;max
19/03/2019;16:15;-0.25;min
19/03/2019;22:20;0.61;max
20/03/2019;04:25;-0.22;min
20/03/2019;10:25;0.61;max
20/03/2019;16:55;-0.43;min
20/03/2019;23:05;0.5;max
21/03/2019;04:55;-0.26;min
21/03/2019;11:00;0.52;max
21/03/2019;17:35;-0.53;min
21/03/2019;23:55;0.46;max
22/03/2019;05:35;-0.33;min
22/03/2019;11:20;0.45;max
22/03/2019;17:50;-0.55;min
23/03/2019;00:20;0.48;max
23/03/2019;06:15;-0.36;min
23/03/2019;11:55;0.31;max
23/03/2019;17:45;-0.42;min
24/03/2019;00:25;0.49;max
24/03/2019;06:55;-0.36;min
24/03/2019;12:35;0.2;max
24/03/2019;17:50;-0.23;min
25/03/2019;00:40;0.59;max
25/03/2019;07:35;-0.24;min
25/03/2019;13:35;0.24;max
25/03/2019;17:45;0.08;min
26/03/2019;00:25;0.6;max
26/03/2019;07:45;-0.3;min
26/03/2019;15:25;0.23;max
26/03/2019;17:05;0.17;min
27/03/2019;01:00;0.45;max
27/03/2019;09:05;-0.18;min
27/03/2019;17:35;0.35;max
28/03/2019;08:40;-0.1;min
28/03/2019;17:55;0.19;max
29/03/2019;00:55;0.02;min
29/03/2019;07:05;0.16;max
29/03/2019;14:20;-0.12;min
29/03/2019;20:15;0.06;max
30/03/2019;00:55;-0.1;min
30/03/2019;07:55;0.32;max
30/03/2019;14:40;-0.25;min
30/03/2019;20:55;0.23;max
31/03/2019;01:40;-0.01;min
31/03/2019;07:40;0.43;max
31/03/2019;15:00;-0.38;min
31/03/2019;22:00;0.42;max
01/04/2019;02:50;0.07;min
01/04/2019;07:45;0.41;max
01/04/2019;14:45;-0.39;min
01/04/2019;22:05;0.58;max
02/04/2019;03:55;0.06;min
02/04/2019;09:05;0.35;max
02/04/2019;14:55;-0.23;min
02/04/2019;22:25;0.78;max
03/04/2019;04:35;-0.03;min
03/04/2019;09:50;0.49;max
03/04/2019;15:30;-0.1;min
03/04/2019;22:20;0.84;max
04/04/2019;04:45;-0.04;min
04/04/2019;10:55;0.73;max
04/04/2019;15:20;0.34;min
04/04/2019;22:40;1.34;max
05/04/2019;05:30;0.14;min
05/04/2019;10:20;0.74;max
05/04/2019;17:20;0.05;min
05/04/2019;23:25;0.9;max
06/04/2019;05:50;-0.1;min
06/04/2019;11:20;0.6;max
06/04/2019;16:55;-0.03;min
06/04/2019;23:25;0.85;max
07/04/2019;06:00;-0.13;min
07/04/2019;11:55;0.65;max
07/04/2019;17:10;0.14;min
07/04/2019;23:20;0.8;max
08/04/2019;06:10;-0.13;min
08/04/2019;12:30;0.58;max
08/04/2019;18:00;0.08;min
08/04/2019;23:55;0.7;max
09/04/2019;06:35;-0.03;min
09/04/2019;13:05;0.62;max
09/04/2019;18:15;0.14;min
10/04/2019;00:30;0.72;max
10/04/2019;07:15;0.11;min
10/04/2019;13:45;0.54;max
10/04/2019;18:35;0.34;min
11/04/2019;00:45;0.77;max
11/04/2019;08:05;0.14;min
11/04/2019;16:00;0.52;max
11/04/2019;18:55;0.49;min
12/04/2019;00:25;0.7;max
12/04/2019;09:55;0.1;min
12/04/2019;17:35;0.67;max
12/04/2019;22:15;0.49;min
13/04/2019;01:50;0.57;max
13/04/2019;11:20;0.09;min
13/04/2019;19:00;0.65;max
14/04/2019;02:05;0.32;min
14/04/2019;07:35;0.5;max
14/04/2019;13:05;0.13;min
14/04/2019;19:55;0.78;max
15/04/2019;02:35;0.19;min
15/04/2019;07:35;0.57;max
15/04/2019;14:15;-0.03;min
15/04/2019;20:40;0.69;max
16/04/2019;02:50;0.06;min
16/04/2019;08:45;0.63;max
16/04/2019;14:55;-0.13;min
16/04/2019;21:30;0.74;max
17/04/2019;03:40;-0.02;min
17/04/2019;09:10;0.57;max
17/04/2019;15:25;-0.21;min
17/04/2019;22:10;0.75;max
18/04/2019;04:30;-0.15;min
18/04/2019;10:05;0.52;max
18/04/2019;15:55;-0.23;min
18/04/2019;22:25;0.75;max
19/04/2019;05:00;-0.29;min
19/04/2019;10:55;0.49;max
19/04/2019;16:30;-0.2;min
19/04/2019;22:45;0.69;max
20/04/2019;05:15;-0.35;min
20/04/2019;11:35;0.42;max
20/04/2019;16:55;-0.14;min
20/04/2019;23:05;0.64;max
21/04/2019;06:00;-0.36;min
21/04/2019;12:10;0.42;max
21/04/2019;17:15;-0.02;min
21/04/2019;23:40;0.61;max
22/04/2019;06:25;-0.34;min
22/04/2019;13:20;0.47;max
22/04/2019;17:25;0.2;min
22/04/2019;23:35;0.73;max
23/04/2019;08:05;0.09;min
23/04/2019;14:10;0.86;max
23/04/2019;19:35;0.48;min
24/04/2019;00:05;0.66;max
24/04/2019;06:50;-0.04;min
24/04/2019;14:30;0.69;max
24/04/2019;20:10;0.32;min
25/04/2019;00:40;0.52;max
25/04/2019;07:25;0.02;min
25/04/2019;14:55;0.51;max
25/04/2019;20:55;0.3;min
26/04/2019;01:45;0.45;max
26/04/2019;08:20;0.19;min
26/04/2019;15:50;0.49;max
27/04/2019;11:40;0.11;min
27/04/2019;20:10;0.51;max
28/04/2019;01:25;0.29;min
28/04/2019;06:35;0.45;max
28/04/2019;14:20;-0.08;min
28/04/2019;20:55;0.55;max
29/04/2019;02:45;0.13;min
29/04/2019;07:05;0.4;max
29/04/2019;13:35;-0.05;min
29/04/2019;20:35;0.63;max
30/04/2019;03:00;-0.04;min
30/04/2019;07:50;0.35;max
30/04/2019;13:50;-0.04;min
30/04/2019;20:55;0.67;max
01/05/2019;03:25;-0.09;min
01/05/2019;09:10;0.44;max
01/05/2019;14:25;-0.04;min
01/05/2019;21:00;0.69;max
02/05/2019;03:40;-0.12;min
02/05/2019;09:40;0.49;max
02/05/2019;15:00;0.02;min
02/05/2019;21:35;0.78;max
03/05/2019;04:10;-0.11;min
03/05/2019;10:00;0.56;max
03/05/2019;15:25;0.01;min
03/05/2019;21:30;0.78;max
04/05/2019;04:50;-0.17;min
04/05/2019;11:00;0.57;max
04/05/2019;15:45;0.16;min
04/05/2019;22:35;0.86;max
05/05/2019;05:15;-0.13;min
05/05/2019;12:05;0.69;max
05/05/2019;17:15;0.28;min
05/05/2019;23:10;0.89;max
06/05/2019;06:00;-0.21;min
06/05/2019;12:20;0.71;max
06/05/2019;17:20;0.17;min
06/05/2019;23:15;0.75;max
07/05/2019;06:15;-0.2;min
07/05/2019;12:30;0.62;max
07/05/2019;17:50;0.1;min
07/05/2019;23:50;0.69;max
08/05/2019;06:35;-0.1;min
08/05/2019;13:10;0.55;max
08/05/2019;17:55;0.19;min
09/05/2019;00:45;0.8;max
09/05/2019;07:50;0.1;min
09/05/2019;14:25;0.61;max
09/05/2019;19:50;0.47;min
10/05/2019;00:15;0.63;max
10/05/2019;08:50;0.01;min
10/05/2019;15:40;0.61;max
10/05/2019;20:40;0.34;min
11/05/2019;01:40;0.49;max
11/05/2019;09:30;0.03;min
11/05/2019;17:45;0.66;max
12/05/2019;00:00;0.42;min
12/05/2019;01:50;0.46;max
12/05/2019;11:10;0.03;min
12/05/2019;19:30;0.67;max
13/05/2019;00:50;0.34;min
13/05/2019;04:55;0.47;max
13/05/2019;13:05;-0.06;min
13/05/2019;19:15;0.69;max
14/05/2019;02:25;0.11;min
14/05/2019;08:00;0.54;max
14/05/2019;13:25;0.04;min
14/05/2019;20:20;0.76;max
15/05/2019;03:05;-0.08;min
15/05/2019;08:50;0.52;max
15/05/2019;14:15;0.02;min
15/05/2019;20:40;0.8;max
16/05/2019;03:30;-0.12;min
16/05/2019;09:35;0.58;max
16/05/2019;14:55;0.06;min
16/05/2019;21:15;0.88;max
17/05/2019;04:05;-0.15;min
17/05/2019;10:10;0.63;max
17/05/2019;15:35;0.05;min
17/05/2019;21:40;0.85;max
18/05/2019;04:30;-0.17;min
18/05/2019;11:05;0.7;max
18/05/2019;15:50;0.29;min
18/05/2019;21:55;1.1;max
19/05/2019;05:05;-0.11;min
19/05/2019;12:00;0.75;max
19/05/2019;16:55;0.41;min
19/05/2019;21:50;0.94;max
20/05/2019;05:40;-0.18;min
20/05/2019;12:50;0.79;max
20/05/2019;17:30;0.45;min
20/05/2019;22:30;0.83;max
21/05/2019;05:40;-0.1;min
21/05/2019;13:10;0.76;max
21/05/2019;18:30;0.37;min
21/05/2019;23:15;0.7;max
22/05/2019;06:20;-0.11;min
22/05/2019;13:25;0.61;max
22/05/2019;18:25;0.32;min
23/05/2019;00:05;0.62;max
23/05/2019;07:10;-0.09;min
23/05/2019;14:10;0.48;max
23/05/2019;18:30;0.3;min
24/05/2019;00:05;0.56;max
24/05/2019;07:55;-0.07;min
24/05/2019;16:25;0.46;max
24/05/2019;19:25;0.38;min
25/05/2019;00:30;0.51;max
25/05/2019;08:25;-0.05;min
25/05/2019;16:40;0.49;max
25/05/2019;22:25;0.41;min
26/05/2019;00:05;0.43;max
26/05/2019;09:20;-0.04;min
26/05/2019;18:50;0.6;max
27/05/2019;10:10;0.1;min
27/05/2019;18:55;0.74;max
28/05/2019;02:40;0.14;min
28/05/2019;08:30;0.38;max
28/05/2019;11:15;0.3;min
28/05/2019;19:00;0.84;max
29/05/2019;02:25;0.06;min
29/05/2019;08:15;0.58;max
29/05/2019;13:10;0.26;min
29/05/2019;19:35;0.76;max
30/05/2019;02:45;0.01;min
30/05/2019;08:25;0.56;max
30/05/2019;13:50;0.13;min
30/05/2019;20:15;0.66;max
31/05/2019;03:05;-0.13;min
31/05/2019;08:45;0.44;max
31/05/2019;14:20;-0.03;min
31/05/2019;21:00;0.62;max
01/06/2019;03:50;-0.21;min
01/06/2019;09:45;0.44;max
01/06/2019;15:25;-0.03;min
01/06/2019;21:30;0.74;max
02/06/2019;04:10;-0.24;min
02/06/2019;10:10;0.47;max
02/06/2019;15:15;0.05;min
02/06/2019;21:45;0.78;max
03/06/2019;04:50;-0.3;min
03/06/2019;11:20;0.52;max
03/06/2019;16:00;0.13;min
03/06/2019;22:15;0.81;max
04/06/2019;05:20;-0.31;min
04/06/2019;12:10;0.54;max
04/06/2019;16:40;0.22;min
04/06/2019;22:55;0.8;max
05/06/2019;05:45;-0.28;min
05/06/2019;12:50;0.64;max
05/06/2019;17:10;0.33;min
05/06/2019;23:00;0.8;max
06/06/2019;06:25;-0.17;min
06/06/2019;14:15;0.75;max
06/06/2019;19:20;0.45;min
06/06/2019;23:25;0.7;max
07/06/2019;07:20;-0.21;min
07/06/2019;14:30;0.64;max
07/06/2019;19:35;0.32;min
08/06/2019;01:00;0.56;max
08/06/2019;08:00;-0.16;min
08/06/2019;15:50;0.58;max
08/06/2019;21:20;0.22;min
09/06/2019;00:55;0.4;max
09/06/2019;09:05;-0.15;min
09/06/2019;16:40;0.5;max
09/06/2019;22:25;0.19;min
10/06/2019;04:15;0.32;max
10/06/2019;10:55;-0.08;min
10/06/2019;17:55;0.61;max
10/06/2019;23:40;0.23;min
11/06/2019;05:00;0.41;max
11/06/2019;11:00;0.05;min
11/06/2019;18:50;0.72;max
12/06/2019;02:35;0.14;min
12/06/2019;07:25;0.41;max
12/06/2019;12:45;0.16;min
12/06/2019;19:35;0.88;max
13/06/2019;03:10;-0.04;min
13/06/2019;08:45;0.41;max
13/06/2019;13:10;0.13;min
13/06/2019;19:50;0.82;max
14/06/2019;03:20;-0.22;min
14/06/2019;09:25;0.4;max
14/06/2019;14:00;0.13;min
14/06/2019;20:10;0.71;max
15/06/2019;03:30;-0.23;min
15/06/2019;10:25;0.57;max
15/06/2019;15:25;0.21;min
15/06/2019;20:25;0.78;max
16/06/2019;04:15;-0.21;min
16/06/2019;11:00;0.55;max
16/06/2019;15:35;0.19;min
16/06/2019;21:50;0.77;max
17/06/2019;04:50;-0.18;min
17/06/2019;11:20;0.59;max
17/06/2019;16:20;0.22;min
17/06/2019;22:00;0.83;max
18/06/2019;05:35;-0.24;min
18/06/2019;12:15;0.59;max
18/06/2019;16:45;0.27;min
18/06/2019;22:25;0.81;max
19/06/2019;06:05;-0.21;min
19/06/2019;13:00;0.63;max
19/06/2019;17:45;0.35;min
19/06/2019;23:00;0.8;max
20/06/2019;06:15;-0.21;min
20/06/2019;13:20;0.64;max
20/06/2019;17:55;0.38;min
20/06/2019;23:25;0.73;max
21/06/2019;06:30;-0.16;min
21/06/2019;14:10;0.61;max
21/06/2019;18:45;0.38;min
21/06/2019;23:50;0.65;max
22/06/2019;06:35;-0.07;min
22/06/2019;15:30;0.62;max
23/06/2019;07:10;-0.03;min
23/06/2019;16:35;0.69;max
23/06/2019;21:45;0.31;min
24/06/2019;00:40;0.4;max
24/06/2019;08:40;-0.09;min
24/06/2019;16:15;0.61;max
24/06/2019;22:35;0.19;min
25/06/2019;02:25;0.25;max
25/06/2019;08:30;-0.03;min
25/06/2019;17:00;0.56;max
26/06/2019;00:55;0.09;min
26/06/2019;05:20;0.2;max
26/06/2019;09:30;0.13;min
26/06/2019;18:10;0.57;max
27/06/2019;01:15;0.01;min
27/06/2019;07:15;0.34;max
27/06/2019;12:00;0.16;min
27/06/2019;19:10;0.65;max
28/06/2019;02:00;-0.02;min
28/06/2019;07:45;0.49;max
28/06/2019;13:10;0.13;min
28/06/2019;19:35;0.67;max
29/06/2019;03:00;-0.05;min
29/06/2019;08:25;0.49;max
29/06/2019;13:30;0.07;min
29/06/2019;20:15;0.7;max
30/06/2019;03:40;-0.16;min
30/06/2019;09:30;0.51;max
30/06/2019;14:20;0.17;min
30/06/2019;20:40;0.8;max
01/07/2019;04:05;-0.23;min
01/07/2019;10:30;0.56;max
01/07/2019;15:10;0.19;min
01/07/2019;21:35;0.83;max
02/07/2019;04:45;-0.29;min
02/07/2019;11:20;0.55;max
02/07/2019;16:00;0.2;min
02/07/2019;22:00;0.82;max
03/07/2019;05:15;-0.33;min
03/07/2019;12:10;0.59;max
03/07/2019;17:15;0.23;min
03/07/2019;23:20;0.73;max
04/07/2019;05:40;-0.42;min
04/07/2019;13:50;0.64;max
04/07/2019;17:40;0.26;min
04/07/2019;23:05;0.75;max
05/07/2019;06:25;-0.33;min
05/07/2019;13:45;0.69;max
05/07/2019;18:55;0.27;min
05/07/2019;23:50;0.68;max
06/07/2019;07:00;-0.23;min
06/07/2019;14:20;0.71;max
06/07/2019;19:50;0.3;min
07/07/2019;00:00;0.65;max
07/07/2019;07:30;-0.13;min
07/07/2019;15:25;0.68;max
07/07/2019;21:25;0.24;min
08/07/2019;02:20;0.61;max
08/07/2019;09:10;-0.15;min
08/07/2019;16:05;0.8;max
08/07/2019;21:00;0.18;min
09/07/2019;02:15;0.48;max
09/07/2019;08:25;0.02;min
09/07/2019;16:50;0.79;max
10/07/2019;03:05;0.2;min
10/07/2019;04:40;0.31;max
10/07/2019;08:25;0.19;min
10/07/2019;17:30;0.86;max
11/07/2019;01:25;0.02;min
11/07/2019;09:55;0.41;max
11/07/2019;12:15;0.38;min
11/07/2019;18:25;0.78;max
12/07/2019;02:05;-0.13;min
12/07/2019;08:45;0.56;max
12/07/2019;13:15;0.35;min
12/07/2019;19:00;0.73;max
13/07/2019;02:20;-0.09;min
13/07/2019;10:05;0.67;max
13/07/2019;14:30;0.36;min
13/07/2019;19:05;0.77;max
14/07/2019;03:40;-0.17;min
14/07/2019;09:30;0.57;max
14/07/2019;15:10;0.24;min
14/07/2019;20:25;0.7;max
15/07/2019;03:40;-0.14;min
15/07/2019;10:40;0.69;max
15/07/2019;16:05;0.31;min
15/07/2019;21:20;0.74;max
16/07/2019;04:35;-0.21;min
16/07/2019;11:55;0.7;max
16/07/2019;16:45;0.26;min
16/07/2019;22:00;0.72;max
17/07/2019;04:55;-0.21;min
17/07/2019;12:05;0.73;max
17/07/2019;16:55;0.25;min
17/07/2019;22:45;0.77;max
18/07/2019;05:30;-0.1;min
18/07/2019;12:00;0.69;max
18/07/2019;17:30;0.23;min
18/07/2019;23:10;0.75;max
19/07/2019;06:30;-0.1;min
19/07/2019;13:00;0.64;max
19/07/2019;18:00;0.23;min
19/07/2019;23:40;0.78;max
20/07/2019;06:30;-0.18;min
20/07/2019;13:25;0.59;max
20/07/2019;18:20;0.26;min
20/07/2019;23:45;0.7;max
21/07/2019;06:55;-0.18;min
21/07/2019;14:00;0.57;max
21/07/2019;19:10;0.28;min
21/07/2019;23:50;0.54;max
22/07/2019;07:00;-0.2;min
22/07/2019;14:40;0.55;max
22/07/2019;20:40;0.21;min
23/07/2019;00:55;0.41;max
23/07/2019;07:40;-0.14;min
23/07/2019;15:15;0.59;max
23/07/2019;21:20;0.14;min
24/07/2019;01:40;0.31;max
24/07/2019;07:20;0;min
24/07/2019;15:30;0.57;max
24/07/2019;22:55;0.15;min
25/07/2019;04:20;0.26;max
25/07/2019;09:00;0.16;min
25/07/2019;16:45;0.6;max
26/07/2019;00:20;0.1;min
26/07/2019;06:00;0.37;max
26/07/2019;10:40;0.24;min
26/07/2019;18:20;0.74;max
27/07/2019;01:05;0.04;min
27/07/2019;08:00;0.44;max
27/07/2019;11:45;0.31;min
27/07/2019;18:55;0.85;max
28/07/2019;01:55;0.03;min
28/07/2019;09:00;0.61;max
28/07/2019;11:00;0.52;min
28/07/2019;19:00;0.97;max
29/07/2019;03:15;-0.18;min
29/07/2019;10:50;0.73;max
29/07/2019;14:55;0.49;min
29/07/2019;20:00;0.79;max
30/07/2019;03:35;-0.21;min
30/07/2019;10:40;0.77;max
30/07/2019;15:50;0.3;min
30/07/2019;21:20;0.74;max
31/07/2019;04:10;-0.2;min
31/07/2019;10:55;0.74;max
31/07/2019;16:40;0.17;min
31/07/2019;22:20;0.8;max
01/08/2019;05:15;-0.21;min
01/08/2019;11:20;0.65;max
01/08/2019;16:45;0.12;min
01/08/2019;23:10;0.84;max
02/08/2019;05:55;-0.24;min
02/08/2019;12:45;0.69;max
02/08/2019;17:10;0.17;min
02/08/2019;22:50;0.83;max
03/08/2019;07:05;-0.36;min
03/08/2019;13:50;0.76;max
03/08/2019;18:20;0.16;min
03/08/2019;23:25;0.68;max
04/08/2019;06:50;-0.33;min
04/08/2019;13:55;0.79;max
04/08/2019;20:05;0.12;min
05/08/2019;00:35;0.49;max
05/08/2019;06:45;-0.18;min
05/08/2019;14:05;0.8;max
05/08/2019;20:35;0.1;min
06/08/2019;01:15;0.4;max
06/08/2019;07:00;0.04;min
06/08/2019;14:30;0.74;max
06/08/2019;21:05;0.13;min
07/08/2019;02:50;0.37;max
07/08/2019;08:35;0.15;min
07/08/2019;15:50;0.7;max
07/08/2019;22:45;0.21;min
08/08/2019;05:25;0.38;max
08/08/2019;09:10;0.24;min
08/08/2019;17:05;0.69;max
09/08/2019;00:45;0.13;min
09/08/2019;07:00;0.28;max
09/08/2019;09:00;0.25;min
09/08/2019;18:00;0.62;max
10/08/2019;02:10;-0.01;min
10/08/2019;09:45;0.43;max
10/08/2019;13:10;0.36;min
10/08/2019;19:05;0.67;max
11/08/2019;02:55;-0.12;min
11/08/2019;09:50;0.53;max
11/08/2019;14:40;0.28;min
11/08/2019;20:35;0.7;max
12/08/2019;03:15;-0.17;min
12/08/2019;10:05;0.62;max
12/08/2019;15:00;0.25;min
12/08/2019;20:45;0.7;max
13/08/2019;03:40;-0.19;min
13/08/2019;10:15;0.63;max
13/08/2019;15:55;0.23;min
13/08/2019;21:50;0.73;max
14/08/2019;04:15;-0.14;min
14/08/2019;11:30;0.74;max
14/08/2019;16:35;0.23;min
14/08/2019;22:20;0.74;max
15/08/2019;04:45;-0.16;min
15/08/2019;11:45;0.66;max
15/08/2019;17:05;0.14;min
15/08/2019;22:45;0.75;max
16/08/2019;05:30;-0.26;min
16/08/2019;12:10;0.71;max
16/08/2019;17:10;0.09;min
16/08/2019;23:00;0.73;max
17/08/2019;05:40;-0.21;min
17/08/2019;12:20;0.67;max
17/08/2019;17:55;0.1;min
17/08/2019;23:20;0.66;max
18/08/2019;06:10;-0.19;min
18/08/2019;12:15;0.67;max
18/08/2019;18:30;0.12;min
18/08/2019;23:40;0.6;max
19/08/2019;06:00;-0.14;min
19/08/2019;13:00;0.66;max
19/08/2019;18:55;0.09;min
20/08/2019;00:15;0.56;max
20/08/2019;06:35;-0.11;min
20/08/2019;13:40;0.65;max
20/08/2019;19:30;0.12;min
21/08/2019;00:20;0.48;max
21/08/2019;06:55;-0.03;min
21/08/2019;13:55;0.65;max
21/08/2019;20:05;0.1;min
22/08/2019;01:25;0.43;max
22/08/2019;06:45;0.04;min
22/08/2019;14:15;0.58;max
22/08/2019;21:35;0.06;min
23/08/2019;03:35;0.23;max
23/08/2019;07:15;0.07;min
23/08/2019;14:25;0.52;max
23/08/2019;22:45;-0.03;min
24/08/2019;15:45;0.52;max
25/08/2019;00:45;0;min
25/08/2019;09:00;0.38;max
25/08/2019;12:35;0.3;min
25/08/2019;18:10;0.54;max
26/08/2019;02:20;-0.13;min
26/08/2019;09:15;0.46;max
26/08/2019;13:35;0.27;min
26/08/2019;19:35;0.65;max
27/08/2019;02:50;-0.23;min
27/08/2019;09:30;0.54;max
27/08/2019;14:40;0.2;min
27/08/2019;19:55;0.67;max
28/08/2019;03:30;-0.3;min
28/08/2019;10:15;0.61;max
28/08/2019;15:30;0.13;min
28/08/2019;21:10;0.71;max
29/08/2019;04:15;-0.36;min
29/08/2019;10:55;0.65;max
29/08/2019;16:15;0.03;min
29/08/2019;22:05;0.74;max
30/08/2019;04:50;-0.41;min
30/08/2019;11:30;0.66;max
30/08/2019;16:40;-0.04;min
30/08/2019;22:45;0.7;max
31/08/2019;05:15;-0.36;min
31/08/2019;11:55;0.73;max
31/08/2019;17:40;-0.02;min
31/08/2019;23:25;0.68;max
01/09/2019;05:55;-0.3;min
01/09/2019;12:30;0.75;max
01/09/2019;18:15;0.01;min
02/09/2019;00:00;0.65;max
02/09/2019;06:20;-0.18;min
02/09/2019;12:30;0.8;max
02/09/2019;19:00;-0.06;min
03/09/2019;01:10;0.58;max
03/09/2019;05:55;0;min
03/09/2019;13:05;0.8;max
03/09/2019;19:45;0.01;min
04/09/2019;01:05;0.43;max
04/09/2019;06:50;0.02;min
04/09/2019;13:40;0.68;max
04/09/2019;20:55;0.04;min
05/09/2019;02:20;0.33;max
05/09/2019;06:45;0.23;min
05/09/2019;14:25;0.67;max
05/09/2019;22:05;0.09;min
06/09/2019;13:35;0.65;max
07/09/2019;00:20;0.13;min
07/09/2019;09:05;0.51;max
07/09/2019;12:35;0.47;min
07/09/2019;15:45;0.54;max
08/09/2019;02:30;0.08;min
08/09/2019;10:25;0.69;max
08/09/2019;13:15;0.44;min
08/09/2019;19:05;0.67;max
09/09/2019;03:25;0;min
09/09/2019;09:50;0.51;max
09/09/2019;14:25;0.3;min
09/09/2019;19:40;0.69;max
10/09/2019;03:15;-0.11;min
10/09/2019;10:25;0.62;max
10/09/2019;15:05;0.21;min
10/09/2019;20:30;0.58;max
11/09/2019;03:30;-0.25;min
11/09/2019;10:20;0.6;max
11/09/2019;15:45;0.16;min
11/09/2019;20:55;0.56;max
12/09/2019;04:05;-0.24;min
12/09/2019;10:40;0.63;max
12/09/2019;16:35;-0.05;min
12/09/2019;22:10;0.55;max
13/09/2019;04:15;-0.29;min
13/09/2019;10:40;0.63;max
13/09/2019;16:40;-0.15;min
13/09/2019;22:35;0.51;max
14/09/2019;04:35;-0.32;min
14/09/2019;11:05;0.63;max
14/09/2019;17:20;-0.24;min
14/09/2019;22:40;0.46;max
15/09/2019;04:45;-0.28;min
15/09/2019;11:25;0.62;max
15/09/2019;17:40;-0.16;min
15/09/2019;23:25;0.51;max
16/09/2019;05:30;-0.19;min
16/09/2019;11:40;0.61;max
16/09/2019;18:05;-0.14;min
17/09/2019;00:05;0.57;max
17/09/2019;05:50;-0.13;min
17/09/2019;12:15;0.64;max
17/09/2019;18:15;-0.08;min
18/09/2019;00:05;0.57;max
18/09/2019;06:00;-0.09;min
18/09/2019;12:50;0.64;max
18/09/2019;18:50;-0.03;min
19/09/2019;00:15;0.47;max
19/09/2019;05:55;-0.04;min
19/09/2019;13:05;0.62;max
19/09/2019;19:50;-0.04;min
20/09/2019;01:40;0.34;max
20/09/2019;06:50;-0.01;min
20/09/2019;13:05;0.56;max
20/09/2019;20:25;-0.14;min
21/09/2019;02:10;0.24;max
21/09/2019;06:25;0.09;min
21/09/2019;12:40;0.49;max
21/09/2019;21:20;-0.09;min
22/09/2019;17:10;0.46;max
22/09/2019;23:45;-0.03;min
23/09/2019;07:45;0.44;max
23/09/2019;10:40;0.38;min
23/09/2019;15:25;0.54;max
24/09/2019;01:55;-0.11;min
24/09/2019;09:15;0.45;max
24/09/2019;13:55;0.2;min
24/09/2019;19:45;0.64;max
25/09/2019;02:15;-0.16;min
25/09/2019;09:20;0.65;max
25/09/2019;14:35;0.25;min
25/09/2019;20:15;0.75;max
26/09/2019;03:05;-0.16;min
26/09/2019;09:35;0.76;max
26/09/2019;15:20;0.09;min
26/09/2019;21:00;0.75;max
27/09/2019;03:50;-0.2;min
27/09/2019;10:20;0.79;max
27/09/2019;16:05;0.02;min
27/09/2019;22:05;0.77;max
28/09/2019;04:15;-0.17;min
28/09/2019;10:50;0.85;max
28/09/2019;16:50;0.01;min
28/09/2019;22:35;0.78;max
29/09/2019;04:50;-0.13;min
29/09/2019;11:10;0.85;max
29/09/2019;17:25;-0.08;min
29/09/2019;23:20;0.76;max
30/09/2019;05:30;-0.09;min
30/09/2019;11:55;0.87;max
30/09/2019;18:05;-0.08;min
30/09/2019;23:50;0.71;max
01/10/2019;05:35;-0.02;min
01/10/2019;12:05;0.82;max
01/10/2019;18:20;0;min
02/10/2019;00:30;0.65;max
02/10/2019;06:00;0.14;min
02/10/2019;12:40;0.87;max
02/10/2019;18:45;0.08;min
03/10/2019;00:50;0.56;max
03/10/2019;07:35;0.09;min
03/10/2019;13:15;0.83;max
03/10/2019;20:15;0.1;min
04/10/2019;01:55;0.58;max
04/10/2019;06:10;0.29;min
04/10/2019;12:20;0.72;max
04/10/2019;21:05;0.03;min
05/10/2019;05:15;0.55;max
05/10/2019;07:10;0.5;min
05/10/2019;12:55;0.71;max
05/10/2019;21:20;0.21;min
06/10/2019;08:05;0.64;max
06/10/2019;15:10;0.38;min
06/10/2019;17:50;0.43;max
07/10/2019;00:15;0.18;min
07/10/2019;08:15;0.69;max
07/10/2019;14:30;0.37;min
07/10/2019;18:50;0.48;max
08/10/2019;01:15;0.02;min
08/10/2019;09:05;0.7;max
08/10/2019;14:55;0.25;min
08/10/2019;20:05;0.56;max
09/10/2019;02:15;0.04;min
09/10/2019;08:55;0.76;max
09/10/2019;14:50;0.23;min
09/10/2019;21:00;0.71;max
10/10/2019;03:05;0.1;min
10/10/2019;09:15;0.74;max
10/10/2019;15:25;0.09;min
10/10/2019;21:20;0.74;max
11/10/2019;03:55;-0.08;min
11/10/2019;09:50;0.63;max
11/10/2019;15:25;0.01;min
11/10/2019;21:35;0.71;max
12/10/2019;03:55;-0.2;min
12/10/2019;10:20;0.67;max
12/10/2019;16:15;-0.01;min
12/10/2019;21:45;0.63;max
13/10/2019;04:15;-0.21;min
13/10/2019;10:55;0.72;max
13/10/2019;16:45;-0.09;min
13/10/2019;22:25;0.55;max
14/10/2019;04:30;-0.18;min
14/10/2019;11:00;0.76;max
14/10/2019;17:35;-0.17;min
14/10/2019;22:55;0.54;max
15/10/2019;04:30;-0.08;min
15/10/2019;11:20;0.84;max
15/10/2019;17:15;0.02;min
15/10/2019;23:30;0.79;max
16/10/2019;05:10;0.16;min
16/10/2019;10:50;0.78;max
16/10/2019;18:10;-0.13;min
17/10/2019;00:25;0.63;max
17/10/2019;05:55;0.13;min
17/10/2019;11:35;0.69;max
17/10/2019;18:15;-0.06;min
18/10/2019;00:50;0.61;max
18/10/2019;06:15;0.15;min
18/10/2019;12:20;0.7;max
18/10/2019;18:50;0.01;min
19/10/2019;01:15;0.54;max
19/10/2019;05:50;0.21;min
19/10/2019;12:45;0.73;max
19/10/2019;20:00;0.12;min
20/10/2019;01:45;0.45;max
20/10/2019;06:00;0.31;min
20/10/2019;12:40;0.65;max
20/10/2019;21:50;0.09;min
21/10/2019;11:45;0.53;max
21/10/2019;23:50;-0.06;min
22/10/2019;07:20;0.54;max
22/10/2019;13:20;0.27;min
22/10/2019;17:25;0.41;max
23/10/2019;00:20;-0.16;min
23/10/2019;07:50;0.58;max
23/10/2019;14:10;0.16;min
23/10/2019;19:40;0.44;max
24/10/2019;01:30;-0.11;min
24/10/2019;08:30;0.71;max
24/10/2019;14:50;0.08;min
24/10/2019;20:20;0.57;max
25/10/2019;02:40;-0.05;min
25/10/2019;09:15;0.8;max
25/10/2019;15:15;-0.03;min
25/10/2019;21:05;0.63;max
26/10/2019;03:00;-0.19;min
26/10/2019;09:35;0.77;max
26/10/2019;15:55;-0.15;min
26/10/2019;21:45;0.64;max
27/10/2019;03:40;-0.15;min
27/10/2019;10:10;0.81;max
27/10/2019;16:30;-0.19;min
27/10/2019;22:40;0.65;max
28/10/2019;04:10;-0.07;min
28/10/2019;10:35;0.87;max
28/10/2019;17:05;-0.2;min
28/10/2019;23:20;0.64;max
29/10/2019;04:45;0.04;min
29/10/2019;11:00;0.89;max
29/10/2019;17:35;-0.18;min
29/10/2019;23:50;0.64;max
30/10/2019;04:55;0.15;min
30/10/2019;11:25;0.84;max
30/10/2019;18:10;-0.12;min
31/10/2019;00:55;0.57;max
31/10/2019;05:40;0.18;min
31/10/2019;11:40;0.78;max
31/10/2019;18:25;-0.1;min
01/11/2019;01:20;0.5;max
01/11/2019;06:00;0.3;min
01/11/2019;12:05;0.71;max
01/11/2019;19:20;-0.06;min
02/11/2019;02:45;0.56;max
02/11/2019;07:10;0.45;min
02/11/2019;12:10;0.73;max
02/11/2019;19:45;0.1;min
03/11/2019;06:45;0.71;max
03/11/2019;07:00;0.7;min
03/11/2019;14:00;0.9;max
03/11/2019;20:20;0.48;min
04/11/2019;07:10;0.78;max
04/11/2019;20:05;0.39;min
05/11/2019;07:10;0.94;max
05/11/2019;14:10;0.56;min
05/11/2019;19:40;0.75;max
06/11/2019;00:40;0.44;min
06/11/2019;08:10;0.82;max
06/11/2019;13:40;0.36;min
06/11/2019;20:05;0.8;max
07/11/2019;02:10;0.22;min
07/11/2019;08:40;0.83;max
07/11/2019;14:40;0.37;min
07/11/2019;19:45;0.75;max
08/11/2019;01:45;0.24;min
08/11/2019;09:10;1.1;max
08/11/2019;15:20;0.5;min
08/11/2019;20:25;0.87;max
09/11/2019;01:45;0.35;min
09/11/2019;09:20;1.04;max
09/11/2019;15:55;0.23;min
09/11/2019;21:30;0.77;max
10/11/2019;03:05;0.29;min
10/11/2019;09:35;1.09;max
10/11/2019;16:20;0.12;min
10/11/2019;22:15;0.81;max
11/11/2019;03:25;0.25;min
11/11/2019;09:35;1.07;max
11/11/2019;16:25;0.08;min
11/11/2019;22:45;0.83;max
12/11/2019;03:50;0.38;min
12/11/2019;10:35;1.27;max
12/11/2019;16:25;0.42;min
12/11/2019;22:50;1.87;max
13/11/2019;03:45;0.58;min
13/11/2019;09:30;1.44;max
13/11/2019;17:30;0.27;min
13/11/2019;22:35;0.78;max
14/11/2019;04:05;0.49;min
14/11/2019;10:45;1.13;max
14/11/2019;18:20;0.18;min
15/11/2019;01:30;0.98;max
15/11/2019;04:45;0.78;min
15/11/2019;11:35;1.54;max
15/11/2019;19:20;0.6;min
15/11/2019;23:55;1.15;max
16/11/2019;05:45;0.61;min
16/11/2019;11:25;0.97;max
16/11/2019;18:05;0.19;min
17/11/2019;04:20;1.06;max
17/11/2019;07:20;0.88;min
17/11/2019;13:10;1.5;max
17/11/2019;22:15;0.4;min
18/11/2019;02:45;0.78;max
18/11/2019;06:55;0.63;min
18/11/2019;13:05;0.92;max
18/11/2019;21:15;0.29;min
19/11/2019;05:30;0.92;max
19/11/2019;08:35;0.82;min
19/11/2019;12:55;0.88;max
19/11/2019;22:25;0.26;min
20/11/2019;06:30;0.83;max
21/11/2019;00:00;0.23;min
21/11/2019;07:15;0.94;max
21/11/2019;14:25;0.33;min
21/11/2019;19:35;0.64;max
22/11/2019;00:55;0.17;min
22/11/2019;07:45;0.98;max
22/11/2019;14:30;0.22;min
22/11/2019;20:00;0.75;max
23/11/2019;01:30;0.27;min
23/11/2019;08:20;1.06;max
23/11/2019;14:40;0.35;min
23/11/2019;21:10;1.11;max
24/11/2019;02:55;0.52;min
24/11/2019;09:25;1.3;max
24/11/2019;16:00;0.45;min
24/11/2019;21:25;1.04;max
25/11/2019;03:35;0.41;min
25/11/2019;09:35;1.09;max
25/11/2019;16:25;0.11;min
25/11/2019;22:35;0.85;max
26/11/2019;03:45;0.35;min
26/11/2019;10:00;1.11;max
26/11/2019;17:05;0.14;min
26/11/2019;23:25;0.85;max
27/11/2019;03:55;0.45;min
27/11/2019;10:50;1.21;max
27/11/2019;17:35;0.21;min
27/11/2019;23:40;1.05;max
28/11/2019;04:50;0.57;min
28/11/2019;10:45;1.14;max
28/11/2019;17:45;0.12;min
29/11/2019;00:05;0.89;max
29/11/2019;05:10;0.5;min
29/11/2019;11:20;1;max
29/11/2019;17:45;0.18;min
30/11/2019;00:30;0.7;max
30/11/2019;06:10;0.44;min
30/11/2019;11:30;0.8;max
30/11/2019;19:20;0.08;min
01/12/2019;01:55;0.62;max
01/12/2019;06:30;0.43;min
01/12/2019;12:35;0.84;max
01/12/2019;19:50;0.12;min
02/12/2019;03:40;0.76;max
02/12/2019;07:50;0.65;min
02/12/2019;12:15;0.81;max
02/12/2019;19:05;0.18;min
03/12/2019;06:15;0.64;max
03/12/2019;21:00;0.07;min
04/12/2019;06:00;0.63;max
04/12/2019;22:15;0.04;min
05/12/2019;05:40;0.64;max
05/12/2019;14:10;0.18;min
05/12/2019;18:50;0.41;max
05/12/2019;23:45;0.18;min
06/12/2019;06:55;0.7;max
06/12/2019;13:30;0.11;min
06/12/2019;19:15;0.45;max
07/12/2019;00:10;0.17;min
07/12/2019;07:25;0.64;max
07/12/2019;14:45;0.01;min
07/12/2019;20:15;0.48;max
08/12/2019;01:50;0.05;min
08/12/2019;08:10;0.64;max
08/12/2019;15:05;-0.11;min
08/12/2019;20:55;0.49;max
09/12/2019;02:00;0.1;min
09/12/2019;08:55;0.79;max
09/12/2019;15:40;-0.1;min
09/12/2019;21:20;0.57;max
10/12/2019;02:50;0.12;min
10/12/2019;09:05;0.68;max
10/12/2019;16:10;-0.26;min
10/12/2019;22:30;0.58;max
11/12/2019;03:40;0.07;min
11/12/2019;09:25;0.7;max
11/12/2019;16:40;-0.24;min
11/12/2019;23:15;0.6;max
12/12/2019;04:25;0.17;min
12/12/2019;10:20;0.87;max
12/12/2019;17:20;-0.17;min
12/12/2019;23:40;0.67;max
13/12/2019;04:20;0.3;min
13/12/2019;11:20;0.96;max
13/12/2019;17:30;0.36;min
13/12/2019;22:20;0.83;max
14/12/2019;07:00;0.1;min
14/12/2019;15:30;0.79;max
14/12/2019;20:10;0.41;min
15/12/2019;00:15;0.79;max
15/12/2019;06:45;-0.01;min
15/12/2019;14:10;1.15;max
15/12/2019;20:25;0.14;min
16/12/2019;01:15;0.58;max
16/12/2019;06:05;0.06;min
16/12/2019;12:55;1.14;max
16/12/2019;20:25;-0.08;min
17/12/2019;11:45;0.98;max
17/12/2019;21:10;-0.03;min
18/12/2019;05:50;0.83;max
18/12/2019;21:30;-0.1;min
19/12/2019;05:40;0.92;max
19/12/2019;12:30;0.4;min
19/12/2019;16:45;0.47;max
19/12/2019;22:20;0.24;min
20/12/2019;06:05;0.93;max
20/12/2019;13:00;0.24;min
21/12/2019;07:30;1.2;max
21/12/2019;16:40;0.52;min
21/12/2019;20:20;0.88;max
22/12/2019;02:35;0.45;min
22/12/2019;09:55;1.2;max
22/12/2019;16:15;0.48;min
22/12/2019;21:15;0.72;max
23/12/2019;02:15;0.02;min
23/12/2019;09:45;1.44;max
23/12/2019;17:05;0.08;min
23/12/2019;20:20;0.27;max
24/12/2019;00:30;0.09;min
24/12/2019;08:45;1.39;max
24/12/2019;17:10;-0.26;min
25/12/2019;08:05;1.19;max
25/12/2019;17:00;-0.46;min
26/12/2019;01:05;0.97;max
26/12/2019;05:45;0.63;min
26/12/2019;09:00;0.75;max
26/12/2019;16:35;-0.38;min
27/12/2019;00:35;1.02;max
27/12/2019;06:20;0.36;min
27/12/2019;10:30;0.69;max
27/12/2019;16:50;-0.08;min
28/12/2019;00:05;0.9;max
28/12/2019;06:40;0.17;min
28/12/2019;11:35;0.6;max
28/12/2019;17:50;-0.1;min
29/12/2019;00:15;0.55;max
29/12/2019;05:55;0.02;min
29/12/2019;12:00;0.6;max
29/12/2019;18:45;-0.17;min
30/12/2019;01:05;0.35;max
30/12/2019;06:25;0.1;min
30/12/2019;12:20;0.53;max
30/12/2019;19:45;-0.22;min
31/12/2019;02:30;0.4;max
31/12/2019;07:10;0.18;min
31/12/2019;12:50;0.55;max
31/12/2019;19:50;-0.21;min
